userid,movieid,tagid,timestamp
20,7309,1009,08-27-07 06:16:00 PM
109,7247,1128,05-23-08 06:33:00 PM
109,8171,1128,12-07-06 10:20:00 PM
109,8207,368,12-07-06 10:12:00 PM
127,4355,417,08-27-07 06:44:00 PM
146,3963,507,11-20-07 08:16:00 PM
146,3977,197,12-05-07 05:49:00 PM
146,4057,903,05-27-06 04:14:00 AM
146,4062,849,04-18-08 06:49:00 PM
146,4147,107,09-14-08 02:20:00 PM
146,4155,107,10-30-06 07:42:00 PM
146,4214,770,12-15-07 11:47:00 PM
146,4249,107,03-23-08 04:52:00 PM
146,4252,484,12-23-07 09:35:00 PM
146,4296,770,10-12-06 05:08:00 AM
146,4354,1075,11-20-07 04:16:00 AM
146,4355,227,11-22-07 04:47:00 AM
146,4358,1047,07-01-07 03:41:00 AM
146,4360,305,04-02-08 10:13:00 PM
146,4672,305,04-03-08 02:46:00 AM
146,4772,903,05-27-06 04:13:00 AM
146,4785,305,04-03-08 02:05:00 AM
146,4870,354,12-15-07 06:11:00 AM
146,4885,109,11-09-08 08:21:00 PM
146,4896,227,11-22-07 04:46:00 AM
146,4921,645,09-20-08 06:52:00 AM
146,4922,556,11-25-07 05:46:00 AM
146,4954,770,04-20-08 11:57:00 PM
146,5123,1007,12-15-07 11:40:00 PM
146,5159,901,04-28-08 09:52:00 PM
146,5199,903,05-27-06 04:19:00 AM
146,5203,305,04-02-08 10:11:00 PM
146,5269,911,09-25-07 03:25:00 AM
146,5306,770,12-03-07 01:09:00 AM
146,5350,107,10-30-06 07:24:00 PM
146,5351,883,11-22-07 03:41:00 AM
146,5386,770,11-13-06 10:52:00 PM
146,5520,141,03-03-08 11:17:00 AM
146,5533,903,05-27-06 04:15:00 AM
146,5567,507,11-20-07 08:20:00 PM
146,5580,305,04-03-08 02:50:00 AM
146,5688,842,12-14-07 11:37:00 PM
146,5694,134,12-15-07 04:45:00 AM
146,5713,507,11-20-07 08:17:00 PM
146,5715,556,11-15-07 12:14:00 PM
146,5735,847,05-04-08 03:45:00 AM
146,5783,107,10-30-06 07:44:00 PM
146,5784,107,04-02-08 10:35:00 PM
146,5805,331,12-23-07 06:25:00 PM
146,5842,227,12-16-07 03:55:00 AM
146,5845,942,10-17-07 04:26:00 AM
146,5846,855,10-26-08 05:28:00 PM
146,5856,305,04-02-08 10:55:00 PM
146,5857,705,01-23-08 09:42:00 PM
146,5904,305,04-03-08 02:10:00 AM
146,6189,983,11-26-07 01:38:00 AM
146,6222,248,12-14-07 11:13:00 PM
146,6223,1050,02-09-07 03:17:00 AM
146,6234,503,11-26-07 05:55:00 AM
146,6270,1007,12-15-07 11:34:00 PM
146,6423,688,12-01-07 05:23:00 PM
146,6426,861,11-15-07 11:25:00 AM
146,6441,537,04-25-08 07:41:00 PM
146,6475,901,07-11-08 10:58:00 PM
146,6506,178,08-23-08 08:03:00 PM
146,6509,1047,11-20-07 09:05:00 PM
146,6561,582,12-06-07 08:49:00 PM
146,6586,813,11-22-07 04:52:00 AM
146,6594,1047,07-21-08 09:39:00 AM
146,6597,1050,02-09-07 03:19:00 AM
146,6654,572,03-24-08 01:30:00 AM
146,6757,801,12-15-07 06:25:00 AM
146,6759,107,08-25-08 08:52:00 PM
146,6762,141,03-03-08 11:13:00 AM
146,6768,107,10-30-06 08:13:00 PM
146,6777,770,10-12-06 05:08:00 AM
146,6829,210,10-12-06 04:12:00 AM
146,6834,132,12-01-07 06:54:00 AM
146,6844,210,10-12-06 04:23:00 AM
146,6846,107,10-30-06 08:16:00 PM
146,7029,507,11-20-07 08:30:00 PM
146,7034,995,05-02-07 01:00:00 AM
146,7045,107,03-22-08 09:52:00 PM
146,7047,305,04-02-08 08:04:00 PM
146,7049,107,07-18-08 08:40:00 PM
146,7050,107,10-30-06 07:24:00 PM
146,7051,107,10-30-06 07:44:00 PM
146,7143,883,11-22-07 03:51:00 AM
146,7146,507,11-20-07 08:16:00 PM
146,7202,159,08-19-06 05:10:00 PM
146,7206,568,11-28-07 05:13:00 AM
146,7251,562,12-04-07 08:23:00 PM
146,7260,989,12-24-07 01:05:00 AM
146,7263,1047,11-04-06 03:53:00 AM
146,7267,623,09-04-08 05:05:00 AM
146,7325,132,12-01-07 06:30:00 AM
146,7330,161,11-23-07 06:23:00 AM
146,7331,140,02-28-08 05:23:00 AM
146,7753,877,10-12-06 04:38:00 AM
146,7755,406,12-01-07 06:39:00 AM
146,7861,1047,08-09-07 08:05:00 PM
146,7934,132,12-01-07 06:24:00 AM
146,8080,111,12-16-07 05:01:00 AM
146,8082,305,04-02-08 10:01:00 PM
146,8108,66,10-27-07 09:00:00 PM
146,8211,888,12-10-07 07:07:00 PM
146,8214,566,10-05-08 09:52:00 PM
146,8215,141,03-03-08 11:16:00 AM
146,8235,645,11-25-07 05:45:00 AM
146,8254,903,05-27-06 04:21:00 AM
146,8259,507,04-30-08 01:32:00 AM
146,8263,728,03-29-08 01:36:00 AM
146,8266,901,07-09-08 03:06:00 AM
146,8274,132,12-01-07 06:32:00 AM
146,8281,354,12-15-07 06:11:00 AM
146,8282,901,04-28-08 09:51:00 PM
146,8652,1039,11-01-07 05:09:00 PM
146,8672,66,11-26-07 01:32:00 AM
146,8695,107,11-16-08 09:00:00 PM
146,8726,995,10-17-07 03:59:00 AM
146,8731,537,04-25-08 07:40:00 PM
146,8732,1039,11-01-07 05:06:00 PM
146,8737,914,11-20-07 09:19:00 PM
146,8741,305,04-22-08 07:23:00 PM
146,8772,959,12-17-08 10:51:00 PM
146,8784,134,09-12-08 08:55:00 PM
146,8826,1047,10-05-08 09:47:00 PM
146,9102,728,03-29-08 01:36:00 AM
146,9291,877,04-16-08 07:20:00 PM
283,7143,1047,01-14-06 02:26:00 PM
284,5282,864,08-27-07 09:08:00 PM
284,7034,1024,08-27-07 09:08:00 PM
284,7920,840,08-27-07 09:12:00 PM
284,7942,19,08-27-07 09:13:00 PM
299,4355,230,08-27-07 09:25:00 PM
325,8784,470,07-28-07 03:55:00 PM
487,4355,230,08-28-07 08:15:00 AM
538,4355,979,08-28-07 10:17:00 AM
622,6151,548,07-07-08 07:26:00 PM
622,6642,1059,07-07-08 07:23:00 PM
637,7265,445,01-10-07 07:30:00 AM
692,4899,419,08-28-07 11:46:00 PM
692,8652,419,08-28-07 11:58:00 PM
692,8900,107,08-28-07 11:59:00 PM
850,5293,300,08-29-07 10:35:00 PM
877,4787,323,10-09-07 02:09:00 AM
877,4899,863,10-09-07 02:08:00 AM
922,6266,442,08-30-07 12:21:00 PM
1000,5282,863,08-30-07 09:05:00 PM
1000,7034,375,08-30-07 09:06:00 PM
1017,4155,863,08-31-07 04:02:00 AM
1024,6266,364,08-31-07 04:47:00 AM
1024,6278,445,08-31-07 04:54:00 AM
1042,7920,315,08-31-07 07:27:00 AM
1049,7034,535,08-31-07 07:28:00 AM
1056,4155,201,08-31-07 08:14:00 AM
1056,5282,201,08-31-07 08:17:00 AM
1056,7034,1104,08-31-07 08:17:00 AM
1107,4275,112,08-31-07 11:14:00 AM
1107,5170,141,08-31-07 11:29:00 AM
1118,4870,498,07-09-08 12:03:00 PM
1225,6759,323,09-01-07 08:26:00 AM
1282,7034,378,09-01-07 02:49:00 PM
1436,4355,230,09-02-07 09:47:00 AM
1436,7920,315,09-02-07 09:49:00 AM
1510,5959,456,11-30-06 08:15:00 PM
1553,6266,417,09-03-07 09:24:00 AM
1553,6759,1025,09-03-07 09:23:00 AM
1575,5282,671,09-03-07 11:34:00 AM
1663,5433,882,09-03-07 10:51:00 PM
1698,5282,606,09-04-07 05:55:00 AM
1713,6774,212,09-20-07 05:29:00 AM
1751,4155,439,01-17-06 12:28:00 PM
1751,4355,439,01-17-06 12:43:00 PM
1751,4626,1013,01-17-06 12:42:00 PM
1751,4793,785,01-17-06 12:17:00 PM
1751,4899,439,01-17-06 12:51:00 PM
1751,5204,439,01-17-06 12:44:00 PM
1751,5254,988,01-17-06 01:01:00 PM
1751,5349,309,01-17-06 12:44:00 PM
1751,5523,439,01-17-06 12:44:00 PM
1751,5775,151,01-17-06 01:29:00 PM
1751,6270,785,01-17-06 12:17:00 PM
1751,6423,988,01-17-06 12:53:00 PM
1751,6475,1013,01-17-06 12:51:00 PM
1751,6762,224,01-17-06 12:45:00 PM
1751,6763,1009,01-17-06 12:17:00 PM
1751,7054,88,01-17-06 12:34:00 PM
1751,7060,439,01-17-06 12:52:00 PM
1751,7260,988,01-17-06 12:46:00 PM
1751,7309,1009,01-17-06 12:18:00 PM
1751,7934,988,01-17-06 01:14:00 PM
1858,6762,224,02-07-06 05:05:00 AM
1915,6759,469,09-05-07 08:19:00 AM
1920,6266,445,09-05-07 10:07:00 AM
1920,6759,1072,09-05-07 10:04:00 AM
1920,8096,1085,09-05-07 10:07:00 AM
1988,5123,309,01-15-06 04:00:00 PM
2030,4274,309,11-08-06 05:53:00 AM
2030,4793,785,11-08-06 05:43:00 AM
2030,4882,824,11-08-06 05:40:00 AM
2030,5349,309,11-08-06 05:47:00 AM
2030,5533,824,11-08-06 05:39:00 AM
2030,5784,309,11-08-06 06:01:00 AM
2030,6270,785,11-08-06 05:43:00 AM
2030,6778,309,11-08-06 05:46:00 AM
2030,7234,824,11-08-06 05:40:00 AM
2030,7261,309,11-08-06 05:57:00 AM
2158,4275,19,09-06-07 08:26:00 PM
2456,4214,64,11-09-06 12:35:00 PM
2456,5351,87,11-09-06 01:00:00 PM
2456,6231,952,11-09-06 12:55:00 PM
2456,6763,1009,11-09-06 12:30:00 PM
2456,7248,995,11-09-06 12:51:00 PM
2456,7322,503,11-09-06 01:49:00 PM
2456,8171,1128,04-20-08 01:31:00 PM
2456,8777,431,11-09-06 12:48:00 PM
2477,4355,201,09-09-07 03:34:00 AM
2477,5282,608,09-09-07 03:31:00 AM
2477,6119,935,09-09-07 03:36:00 AM
2477,8096,612,09-09-07 03:36:00 AM
2513,7755,623,05-20-07 07:03:00 AM
2643,4641,577,11-13-06 11:52:00 AM
2643,5057,732,10-05-08 07:40:00 PM
2643,5199,847,05-18-07 08:52:00 AM
2643,7755,492,11-13-06 01:23:00 PM
2643,8171,1128,11-13-06 11:50:00 AM
2852,6512,771,05-16-06 01:00:00 PM
2901,4355,230,09-10-07 05:08:00 PM
2901,5349,279,09-10-07 05:14:00 PM
2901,6119,279,09-10-07 05:10:00 PM
2978,4355,417,09-10-07 07:41:00 PM
2978,6119,935,09-10-07 07:42:00 PM
3017,4275,1074,09-10-07 07:47:00 PM
3017,4882,652,09-10-07 07:41:00 PM
3017,6119,959,09-10-07 07:45:00 PM
3017,6266,991,09-10-07 07:48:00 PM
3017,6759,113,09-10-07 07:47:00 PM
3017,7920,818,09-10-07 07:39:00 PM
3017,8096,850,09-10-07 07:48:00 PM
3028,8281,471,09-10-07 07:48:00 PM
3058,5350,778,07-23-06 03:16:00 AM
3058,6426,722,01-29-06 03:42:00 PM
3058,6482,1004,07-15-06 07:25:00 AM
3058,7050,778,07-23-06 03:16:00 AM
3058,7056,125,07-11-06 04:16:00 AM
3058,8166,811,07-15-06 07:16:00 AM
3174,6454,777,08-04-06 10:55:00 PM
3192,5783,887,11-11-06 11:51:00 AM
3192,6428,784,11-11-06 11:00:00 AM
3224,5805,331,09-07-08 11:59:00 PM
3304,6426,414,01-27-06 02:42:00 AM
3304,7248,642,01-17-06 03:01:00 AM
3304,7934,632,01-24-06 01:30:00 AM
3392,5386,505,07-17-08 09:25:00 AM
3392,6759,746,07-17-08 09:23:00 AM
3392,8171,1128,07-17-08 09:16:00 AM
3489,4155,863,09-11-07 02:33:00 PM
3489,4355,230,09-11-07 02:36:00 PM
3489,4882,1025,09-11-07 02:36:00 PM
3489,7920,315,09-11-07 02:36:00 PM
3490,8263,135,01-07-07 01:33:00 AM
3595,5805,54,09-11-07 06:24:00 PM
3825,4882,849,09-12-07 02:51:00 PM
3844,5572,315,11-13-06 12:13:00 PM
3844,6270,64,11-13-06 12:13:00 PM
3844,7309,1009,11-13-06 12:11:00 PM
3849,4630,425,07-18-08 02:00:00 PM
3911,4882,887,09-12-07 11:48:00 PM
3962,5254,705,10-01-06 06:00:00 PM
3962,7934,705,10-01-06 06:00:00 PM
4022,5775,573,03-16-07 03:23:00 PM
4341,4781,887,05-05-06 05:06:00 PM
4341,4785,1028,05-04-06 06:35:00 AM
4341,4787,374,05-07-06 01:25:00 AM
4341,6223,824,05-05-06 04:54:00 PM
4341,6273,202,05-05-06 04:59:00 PM
4341,6600,575,05-04-06 05:44:00 AM
4341,6839,824,05-07-06 01:23:00 AM
4341,7627,425,05-05-06 05:17:00 PM
4341,8263,905,05-04-06 06:43:00 AM
4341,8937,440,05-04-06 05:18:00 AM
4650,4785,689,09-16-07 04:04:00 PM
4650,7248,613,09-16-07 04:00:00 PM
4697,4214,417,02-19-06 04:26:00 PM
4697,7248,974,02-19-06 04:25:00 PM
4944,4780,647,09-25-07 01:38:00 AM
5002,7248,863,09-27-07 01:51:00 PM
5020,7248,995,11-19-06 05:35:00 AM
5031,5283,887,11-17-06 02:14:00 PM
5161,6600,1029,02-05-06 08:05:00 AM
5161,7239,986,01-14-06 06:40:00 AM
5285,7248,995,01-24-06 01:13:00 PM
5325,4785,995,08-20-08 09:25:00 AM
5637,4549,812,03-31-06 10:11:00 PM
5739,9079,202,08-08-06 08:25:00 AM
5936,6774,212,09-23-07 12:59:00 PM
6038,6428,414,01-15-06 05:30:00 PM
6119,4683,746,07-26-08 04:22:00 AM
6119,4882,849,07-28-08 01:01:00 AM
6119,5058,1080,07-29-08 03:31:00 AM
6119,6223,1050,08-04-08 03:14:00 PM
6119,6454,1047,09-14-08 05:17:00 AM
6119,7062,672,07-27-08 11:16:00 PM
6119,7204,855,07-28-08 02:20:00 AM
6119,8741,331,09-14-08 05:11:00 AM
6289,7887,727,01-02-07 01:25:00 PM
6385,5282,846,02-20-06 10:09:00 AM
6393,7041,533,01-30-06 08:17:00 PM
6393,7248,163,01-30-06 08:17:00 PM
6393,7320,792,02-05-06 04:12:00 PM
6393,7877,533,02-05-06 04:11:00 PM
6393,8113,792,02-05-06 04:09:00 PM
6393,8129,307,02-05-06 04:11:00 PM
6393,8159,155,02-05-06 04:10:00 PM
6393,8245,307,01-13-06 09:37:00 PM
6449,6119,400,11-24-06 06:04:00 PM
6625,4058,919,03-26-08 06:31:00 AM
6862,4630,425,07-09-08 06:05:00 PM
6927,6665,149,11-11-07 01:26:00 PM
6946,5572,315,11-27-06 03:48:00 AM
7088,5520,118,12-03-06 06:30:00 AM
7088,5890,268,11-28-06 04:01:00 AM
7315,4785,1013,11-27-06 02:44:00 AM
7315,6237,25,12-24-06 03:15:00 PM
7357,6654,863,02-14-06 05:00:00 AM
7536,6270,785,02-04-06 05:00:00 PM
7625,5320,1024,01-14-06 08:59:00 AM
7625,6119,1035,01-14-06 08:58:00 AM
7625,6763,145,01-14-06 08:48:00 AM
7625,7041,1035,01-14-06 08:47:00 AM
7625,7248,1024,01-14-06 08:57:00 AM
7625,7942,417,01-14-06 08:59:00 AM
7625,8163,864,01-14-06 09:01:00 AM
7704,4954,177,12-14-06 10:46:00 PM
7815,4214,64,01-08-06 07:36:00 PM
7815,4793,64,01-08-06 07:36:00 PM
7815,5572,315,01-08-06 07:35:00 PM
7815,7815,315,01-08-06 07:35:00 PM
7815,7920,315,01-08-06 07:47:00 PM
7815,8315,315,01-08-06 07:56:00 PM
7939,9065,163,08-07-06 04:36:00 AM
8041,5282,606,05-26-06 07:58:00 AM
8041,5694,508,05-26-06 08:01:00 AM
8041,6752,686,02-21-07 05:37:00 AM
8041,6834,508,05-26-06 07:58:00 AM
8114,9203,792,10-02-06 10:29:00 AM
8282,6270,309,02-09-06 03:34:00 PM
8302,4057,824,01-16-06 08:27:00 AM
8302,4785,824,01-16-06 08:17:00 AM
8302,4882,824,01-16-06 08:21:00 AM
8302,4921,824,01-16-06 08:23:00 AM
8302,6187,824,01-16-06 08:22:00 AM
8302,6223,824,01-16-06 08:29:00 AM
8302,6482,824,01-16-06 08:21:00 AM
8302,6839,824,01-16-06 08:28:00 AM
8381,4780,995,10-20-08 03:36:00 PM
8381,7248,996,10-20-08 03:37:00 PM
8434,6428,29,02-06-06 10:59:00 AM
8584,4917,1097,09-18-08 12:22:00 PM
8610,8777,1047,11-13-07 08:38:00 AM
8624,4132,1121,07-29-07 06:58:00 PM
8624,5386,505,07-25-07 12:09:00 AM
8624,7248,615,04-01-07 09:50:00 PM
8683,4063,309,12-08-06 03:59:00 PM
8683,4274,309,12-07-06 04:23:00 PM
8683,5015,309,12-06-06 12:22:00 PM
8683,5204,201,12-06-06 12:49:00 PM
8683,6152,309,12-09-06 04:04:00 PM
8683,6428,1001,12-06-06 08:34:00 AM
8727,5057,720,09-18-06 09:40:00 AM
8777,4155,439,01-12-06 02:01:00 PM
9029,4785,1028,08-04-08 11:46:00 AM
9030,4214,186,01-12-06 08:57:00 PM
9117,8760,433,01-09-07 02:15:00 PM
9127,6840,601,10-21-07 03:22:00 PM
9127,7815,1073,10-21-07 03:24:00 PM
9316,4075,842,01-15-06 06:26:00 PM
9316,4141,961,01-23-06 09:13:00 AM
9316,4214,372,01-13-06 07:26:00 PM
9316,4355,598,01-23-06 09:11:00 AM
9316,4546,304,01-15-06 06:24:00 PM
9316,4547,674,01-15-06 06:31:00 PM
9316,4549,26,01-23-06 09:10:00 AM
9316,4730,1102,01-23-06 09:13:00 AM
9316,4781,821,01-15-06 06:33:00 PM
9316,4785,1028,01-13-06 07:29:00 PM
9316,4870,498,01-23-06 11:02:00 AM
9316,4922,832,01-23-06 11:01:00 AM
9316,5041,541,01-13-06 03:41:00 PM
9316,5171,268,01-23-06 11:02:00 AM
9316,5199,847,01-23-06 10:59:00 AM
9316,5254,989,01-13-06 07:34:00 PM
9316,5350,419,01-13-06 07:33:00 PM
9316,5351,87,01-13-06 12:46:00 PM
9316,5355,1116,01-23-06 11:00:00 AM
9316,5356,645,01-15-06 06:34:00 PM
9316,5407,45,01-13-06 07:34:00 PM
9316,5432,154,01-23-06 11:02:00 AM
9316,5482,26,01-23-06 11:00:00 AM
9316,5533,489,02-04-06 06:31:00 AM
9316,5536,150,01-23-06 11:00:00 AM
9316,5694,75,01-23-06 10:59:00 AM
9316,5723,685,01-23-06 11:03:00 AM
9316,5890,268,01-23-06 10:58:00 AM
9316,5904,1019,01-26-06 01:24:00 PM
9316,6057,350,01-26-06 01:28:00 PM
9316,6060,26,01-26-06 01:23:00 PM
9316,6098,645,01-26-06 01:29:00 PM
9316,6119,935,01-23-06 10:58:00 AM
9316,6168,26,01-26-06 01:27:00 PM
9316,6181,268,01-26-06 01:27:00 PM
9316,6188,422,01-26-06 01:24:00 PM
9316,6231,952,01-23-06 11:10:00 AM
9316,6237,421,01-26-06 01:27:00 PM
9316,6266,847,01-15-06 06:31:00 PM
9316,6270,397,01-23-06 11:06:00 AM
9316,6273,202,01-13-06 07:28:00 PM
9316,6424,800,01-15-06 06:27:00 PM
9316,6425,1001,01-26-06 01:28:00 PM
9316,6428,1001,01-26-06 01:27:00 PM
9316,6454,523,01-26-06 01:28:00 PM
9316,6509,179,01-13-06 07:28:00 PM
9316,6600,575,01-26-06 01:25:00 PM
9316,6642,61,01-26-06 01:28:00 PM
9316,6657,847,01-23-06 11:08:00 AM
9316,6659,1021,01-26-06 01:26:00 PM
9316,6665,541,01-13-06 12:45:00 PM
9316,6752,885,01-26-06 01:28:00 PM
9316,6759,587,01-26-06 01:27:00 PM
9316,6763,850,01-23-06 11:07:00 AM
9316,6819,582,01-13-06 12:46:00 PM
9316,7047,903,01-23-06 11:08:00 AM
9316,7049,214,01-23-06 11:05:00 AM
9316,7143,673,01-23-06 11:10:00 AM
9316,7172,26,01-23-06 11:10:00 AM
9316,7248,642,01-13-06 07:30:00 PM
9316,7309,850,01-13-06 07:32:00 PM
9316,7322,503,01-13-06 07:32:00 PM
9316,7753,847,01-23-06 11:17:00 AM
9316,7755,1115,01-13-06 06:39:00 PM
9316,7763,503,01-23-06 11:16:00 AM
9316,7856,562,01-23-06 11:14:00 AM
9316,7920,1022,01-23-06 11:14:00 AM
9316,8082,824,01-23-06 11:15:00 AM
9316,8107,87,01-23-06 11:14:00 AM
9316,8171,1128,01-23-06 11:17:00 AM
9316,8211,1028,01-23-06 11:16:00 AM
9316,8235,824,01-23-06 11:17:00 AM
9316,8246,1110,01-23-06 11:17:00 AM
9316,8248,17,01-23-06 11:17:00 AM
9316,8267,775,01-23-06 11:14:00 AM
9316,8315,582,01-23-06 11:14:00 AM
9316,8745,850,01-13-06 07:32:00 PM
9316,8772,159,01-23-06 11:18:00 AM
9316,8777,431,01-13-06 07:31:00 PM
9316,8919,629,01-23-06 11:19:00 AM
9411,8159,1128,10-05-07 01:23:00 AM
9426,5254,951,01-14-06 04:34:00 AM
9475,5433,782,01-19-06 09:56:00 AM
9475,6561,782,01-19-06 09:58:00 AM
9522,6423,988,01-13-06 12:08:00 PM
9522,6819,582,02-12-06 07:23:00 PM
9595,4075,842,11-02-07 08:42:00 AM
9595,5384,983,07-26-08 06:23:00 AM
9811,5855,575,01-16-06 09:17:00 AM
9970,7753,763,10-10-07 04:54:00 PM
9976,5438,871,01-16-06 08:41:00 PM
10032,4155,416,01-20-06 10:22:00 PM
10032,4297,599,12-20-06 10:54:00 PM
10032,4787,374,01-20-06 10:26:00 PM
10032,5127,599,01-20-06 10:26:00 PM
10032,5350,419,01-20-06 10:28:00 PM
10032,7934,232,01-20-06 10:29:00 PM
10032,7942,861,01-20-06 10:20:00 PM
10032,8215,599,01-02-07 09:55:00 PM
10032,8266,416,01-20-06 10:25:00 PM
10032,8983,599,07-17-06 03:10:00 PM
10032,9113,599,01-20-06 10:29:00 PM
10032,9130,599,12-20-06 11:13:00 PM
10058,7248,995,08-08-08 02:50:00 AM
10059,8254,554,01-18-06 12:22:00 AM
10084,4214,372,01-17-06 05:18:00 AM
10181,5775,151,01-17-06 02:06:00 PM
10181,6270,785,01-17-06 02:08:00 PM
10555,4633,644,11-13-08 03:53:00 AM
10555,4780,600,06-28-08 07:44:00 AM
10555,5040,813,09-16-07 02:51:00 AM
10555,5199,385,12-15-07 10:45:00 AM
10555,5533,144,09-17-07 01:52:00 PM
10555,5536,339,08-01-08 09:02:00 AM
10555,5572,835,03-19-07 08:14:00 AM
10555,5691,1117,07-27-08 12:30:00 AM
10555,5857,422,06-08-08 09:33:00 AM
10555,5958,672,05-05-07 03:53:00 AM
10555,6392,672,05-05-07 11:21:00 AM
10555,6561,781,03-11-07 10:00:00 AM
10555,6600,763,08-31-07 06:10:00 AM
10555,7034,385,09-14-08 12:42:00 PM
10555,7062,672,05-05-07 05:59:00 AM
10555,7143,998,01-01-07 05:09:00 PM
10555,7248,642,03-15-07 05:01:00 AM
10555,7260,966,06-07-08 05:31:00 AM
10555,7309,946,09-12-07 11:31:00 AM
10555,7330,813,02-07-07 11:09:00 AM
10555,7749,863,03-25-07 12:47:00 PM
10555,7872,721,04-15-07 06:54:00 AM
10555,8162,92,09-05-07 08:23:00 AM
10555,8171,164,10-19-08 02:28:00 AM
10555,8254,218,06-15-07 06:01:00 AM
10555,8688,442,08-20-08 02:12:00 PM
10555,8741,732,12-30-08 01:00:00 PM
10555,8881,1121,02-01-08 11:14:00 AM
10555,8937,339,07-31-08 07:10:00 AM
10555,9079,819,05-01-07 02:57:00 PM
10674,5188,1014,01-27-08 11:47:00 AM
10739,7248,995,04-10-06 03:58:00 PM
10788,4214,588,01-19-06 10:18:00 AM
10913,6094,445,01-19-06 08:10:00 PM
10936,7248,642,01-19-06 11:08:00 PM
11032,7815,343,01-15-06 08:53:00 PM
11239,4354,244,03-03-08 07:27:00 PM
11271,4155,450,12-08-07 01:49:00 PM
11271,4899,450,12-08-07 01:25:00 PM
11271,5523,450,12-08-07 01:28:00 PM
11271,7041,450,12-08-07 01:28:00 PM
11271,8266,450,12-08-07 01:28:00 PM
11368,8777,1011,01-21-06 06:53:00 PM
11424,7755,623,12-16-06 09:59:00 PM
11457,4870,464,01-22-06 06:49:00 AM
11457,5254,704,01-22-06 06:47:00 AM
11457,7755,492,01-22-06 06:48:00 AM
11613,3963,104,04-15-06 11:06:00 AM
11613,4057,903,06-08-07 07:15:00 AM
11613,4214,748,03-13-06 02:46:00 PM
11613,4650,849,06-03-06 07:20:00 PM
11613,4683,746,02-26-06 05:45:00 PM
11613,4751,498,02-21-06 03:46:00 PM
11613,4870,498,02-21-06 03:38:00 PM
11613,4881,503,02-21-06 04:07:00 PM
11613,4922,747,02-25-06 12:01:00 PM
11613,5369,749,03-19-06 10:45:00 AM
11613,6058,232,03-15-06 06:08:00 AM
11613,6119,935,02-21-06 03:58:00 PM
11613,6231,952,06-30-07 10:49:00 AM
11613,6270,748,03-13-06 02:46:00 PM
11613,6752,862,01-28-07 05:12:00 PM
11613,6759,746,02-26-06 05:46:00 PM
11613,6834,749,03-19-06 10:46:00 AM
11613,7047,747,02-25-06 12:02:00 PM
11613,7049,759,03-05-06 04:17:00 PM
11613,7204,855,02-23-06 07:45:00 PM
11613,8245,849,06-03-06 07:14:00 PM
11613,8267,775,06-06-07 05:17:00 PM
11613,8281,498,02-21-06 03:49:00 PM
11613,8772,756,02-23-06 07:01:00 PM
11744,5254,988,12-29-06 12:12:00 PM
11744,6270,785,12-29-06 12:13:00 PM
11744,7248,995,12-29-06 12:11:00 PM
11744,7627,903,03-30-07 12:44:00 PM
11744,7934,232,12-29-06 12:12:00 PM
11744,8263,135,09-18-07 08:51:00 PM
11744,8777,431,12-29-06 12:12:00 PM
11760,6373,268,10-16-07 06:12:00 PM
11802,6763,1009,01-23-06 11:34:00 AM
11824,4132,1096,10-16-07 07:09:00 PM
11825,7763,230,08-15-08 08:23:00 AM
11898,4214,371,12-17-07 11:48:00 PM
11898,4359,1102,10-20-06 06:31:00 PM
11898,4551,849,01-25-06 09:51:00 PM
11898,4785,1028,06-25-06 11:30:00 PM
11898,5407,45,01-23-06 07:45:00 PM
11898,5856,821,05-18-08 03:40:00 PM
11898,5857,1047,01-25-06 09:52:00 PM
11898,6371,333,01-25-06 09:52:00 PM
11898,6509,954,01-21-06 01:54:00 PM
11898,6752,684,01-25-06 09:53:00 PM
11898,7056,811,09-04-06 03:53:00 PM
11898,7763,701,02-11-08 08:53:00 PM
11898,7942,419,01-21-06 05:27:00 PM
11898,8211,1028,07-03-08 12:08:00 AM
11898,8254,994,04-25-08 02:42:00 PM
11898,8315,561,08-24-08 03:37:00 PM
11898,8937,809,06-17-06 07:07:00 PM
12025,4785,1028,12-20-06 02:13:00 PM
12025,4870,498,12-20-06 02:21:00 PM
12025,5572,315,12-20-06 02:13:00 PM
12025,6454,1047,12-20-06 01:56:00 PM
12025,7047,1047,12-20-06 01:56:00 PM
12025,7143,1059,12-20-06 02:08:00 PM
12025,8737,1059,12-20-06 02:11:00 PM
12064,6844,141,08-21-08 03:58:00 AM
12126,6643,554,01-24-06 07:13:00 PM
12265,4214,64,01-19-06 05:01:00 PM
12265,5369,741,05-14-06 06:24:00 PM
12267,7248,829,01-25-06 11:33:00 AM
12429,7143,673,02-03-08 11:44:00 AM
12458,5350,1028,08-27-08 08:38:00 PM
12626,8881,515,01-09-07 01:23:00 AM
12759,5572,818,10-23-07 09:59:00 AM
12759,7815,818,10-23-07 10:04:00 AM
12759,7920,818,10-23-07 09:59:00 AM
12950,9090,709,01-28-06 08:54:00 PM
13086,7856,262,01-27-06 06:33:00 PM
13159,5159,19,01-28-06 10:29:00 AM
13159,6426,19,01-28-06 10:29:00 AM
13230,6829,164,01-28-06 08:48:00 PM
13230,8741,164,01-28-06 08:48:00 PM
13403,5364,417,02-08-06 05:04:00 PM
13403,6266,417,02-07-06 04:15:00 PM
13403,6428,19,01-30-06 04:28:00 AM
13403,6642,215,02-07-06 04:08:00 PM
13403,7755,623,01-29-06 06:15:00 PM
13403,8108,19,01-31-06 10:51:00 AM
13403,8772,323,02-09-06 08:54:00 AM
13403,8777,215,02-07-06 03:55:00 PM
13454,6119,464,01-29-06 08:59:00 PM
13454,6278,155,01-29-06 09:00:00 PM
13701,5520,909,07-22-06 04:09:00 PM
13937,8246,1110,12-29-06 02:54:00 PM
13970,4626,417,02-06-06 04:10:00 PM
14160,6763,145,01-31-06 10:59:00 PM
14171,4785,829,10-26-07 04:09:00 PM
14222,4723,777,11-23-07 09:41:00 PM
14222,4870,777,10-15-06 11:41:00 PM
14222,4932,777,09-01-07 03:33:00 PM
14222,6187,777,08-01-06 07:25:00 PM
14222,7180,777,09-30-06 09:06:00 PM
14222,7815,777,07-29-06 09:24:00 PM
14222,7939,777,10-15-06 11:42:00 PM
14222,8166,776,08-01-06 07:26:00 PM
14222,8211,777,10-15-06 11:40:00 PM
14222,8269,776,10-15-06 11:41:00 PM
14222,8734,777,07-29-06 09:29:00 PM
14239,4870,498,02-01-06 08:17:00 AM
14239,7934,989,02-01-06 08:18:00 AM
14423,5369,1085,01-12-06 03:22:00 PM
14423,5857,1085,01-12-06 03:30:00 PM
14423,6654,883,01-12-06 03:12:00 PM
14423,8248,743,01-12-06 03:26:00 PM
14498,4917,1096,08-29-08 05:21:00 AM
14498,6759,107,08-29-08 05:18:00 AM
14599,8753,725,11-06-07 03:20:00 AM
14648,4163,88,09-04-08 06:04:00 PM
14648,5350,778,09-01-08 02:09:00 AM
14648,6278,706,09-04-08 05:24:00 PM
14653,8158,97,03-31-06 12:14:00 AM
14653,8274,1096,01-25-07 01:27:00 PM
14653,8744,849,10-20-08 07:04:00 AM
14706,4155,479,01-01-07 05:51:00 PM
14706,6119,479,01-01-07 06:03:00 PM
14706,6829,479,01-01-07 06:00:00 PM
14706,8772,763,01-01-07 05:47:00 PM
14844,7258,80,02-03-06 03:33:00 PM
14844,8207,1108,02-03-06 04:52:00 PM
14844,8726,1108,06-19-06 04:02:00 PM
14918,5533,489,01-03-07 10:36:00 AM
14918,6270,785,01-04-07 04:36:00 AM
14918,6426,887,08-15-07 02:11:00 AM
14918,6643,1069,03-02-07 04:43:00 AM
14946,5407,45,01-24-06 01:18:00 PM
15096,6665,149,10-29-06 11:56:00 PM
15096,8254,458,10-29-06 11:57:00 PM
15111,7507,935,01-02-07 06:37:00 PM
15264,6089,416,01-15-06 11:39:00 PM
15264,6752,416,01-15-06 11:39:00 PM
15264,6844,416,01-15-06 11:39:00 PM
15264,7939,416,06-05-06 10:50:00 PM
15329,6763,1009,01-03-07 10:42:00 AM
15436,4214,1071,02-05-06 08:04:00 PM
15702,4138,415,01-26-06 10:55:00 PM
15702,5364,445,01-26-06 10:55:00 PM
15715,4214,371,02-06-06 06:02:00 PM
15715,5520,118,02-06-06 05:57:00 PM
15715,6270,734,02-06-06 05:49:00 PM
15715,6428,784,02-06-06 05:47:00 PM
15715,7034,996,02-06-06 05:50:00 PM
15783,7763,503,04-25-07 08:17:00 PM
15851,6119,417,11-04-07 09:36:00 PM
15851,6231,952,11-04-07 09:08:00 PM
15896,4796,553,02-07-06 11:34:00 AM
15896,4870,1114,02-07-06 11:19:00 AM
15896,5058,1097,02-07-06 11:28:00 AM
15896,5407,882,02-07-06 11:20:00 AM
15896,5890,415,02-07-06 11:19:00 AM
15896,6454,364,02-07-06 11:29:00 AM
15896,6768,155,02-07-06 11:34:00 AM
15896,7854,417,02-07-06 11:32:00 AM
15896,8214,1099,02-07-06 11:30:00 AM
16003,6278,763,01-19-06 05:59:00 PM
16133,7322,763,06-03-07 10:05:00 PM
16155,4785,652,11-07-07 11:31:00 AM
16155,4793,230,11-06-07 12:27:00 PM
16289,4155,846,02-08-06 05:49:00 PM
16289,4870,268,02-08-06 05:43:00 PM
16289,5283,942,02-08-06 05:38:00 PM
16289,6752,503,02-08-06 05:48:00 PM
16349,4785,995,09-06-08 05:01:00 PM
16389,5368,322,01-27-06 05:44:00 PM
16419,6763,1009,02-08-06 08:47:00 PM
16419,7202,333,02-08-06 08:51:00 PM
16419,7309,1009,02-08-06 08:47:00 PM
16610,4214,327,02-10-06 03:54:00 PM
16610,4793,785,02-10-06 01:16:00 AM
16610,6270,785,02-09-06 08:40:00 AM
16610,8768,576,02-10-06 01:13:00 AM
16664,6643,1067,01-26-07 06:05:00 PM
16766,4360,1071,04-01-06 03:09:00 PM
16766,5188,417,02-09-06 04:16:00 PM
16766,5354,417,02-09-06 02:53:00 PM
16766,5477,417,02-09-06 03:58:00 PM
16766,6089,1071,02-09-06 02:32:00 PM
16766,6165,417,02-09-06 03:56:00 PM
16766,6187,417,02-09-06 02:54:00 PM
16766,6270,417,02-09-06 03:40:00 PM
16766,6600,1072,02-09-06 03:39:00 PM
16766,6834,1072,02-09-06 04:14:00 PM
16766,7148,1071,02-09-06 03:58:00 PM
16766,7180,417,02-09-06 02:53:00 PM
16766,7265,417,02-09-06 03:59:00 PM
16766,7316,19,02-09-06 04:15:00 PM
16766,7330,1072,02-09-06 04:36:00 PM
16766,7854,417,02-09-06 03:51:00 PM
16766,8204,417,02-09-06 03:40:00 PM
16766,8786,1072,05-01-06 07:53:00 AM
16836,4549,1100,05-26-06 04:05:00 PM
16836,4870,498,04-08-06 02:08:00 AM
16836,8281,498,04-08-06 02:07:00 AM
16930,4214,863,02-10-06 09:31:00 AM
16930,7258,323,02-10-06 09:01:00 AM
17044,4214,536,02-22-07 04:44:00 AM
17044,4785,536,02-22-07 04:19:00 AM
17044,4793,536,02-22-07 04:55:00 AM
17044,6270,536,02-22-07 04:21:00 AM
17044,6428,536,02-22-07 04:55:00 AM
17044,6759,536,02-22-07 04:42:00 AM
17044,6763,536,02-21-07 08:32:00 AM
17044,7034,536,02-22-07 04:44:00 AM
17044,7248,536,02-21-07 08:14:00 AM
17044,7309,536,02-21-07 08:32:00 AM
17044,8267,536,02-22-07 04:40:00 AM
17044,8772,536,02-21-07 08:24:00 AM
17044,8777,536,02-21-07 08:19:00 AM
17288,4954,631,09-12-08 06:25:00 AM
17288,5123,64,09-12-08 06:34:00 AM
17288,5254,232,09-12-08 06:50:00 AM
17288,5364,230,09-12-08 07:03:00 AM
17288,5688,111,09-12-08 07:02:00 AM
17288,7034,107,09-12-08 06:53:00 AM
17288,7260,232,09-12-08 06:56:00 AM
17288,7763,230,09-12-08 07:03:00 AM
17288,7934,989,09-12-08 06:45:00 AM
17288,8254,903,09-12-08 06:42:00 AM
17312,4132,1121,09-17-07 03:15:00 AM
17312,4772,608,12-17-07 11:01:00 AM
17312,5253,674,08-27-07 04:47:00 PM
17312,5282,605,08-27-07 04:31:00 PM
17312,5350,605,07-24-07 11:49:00 AM
17312,5583,135,07-24-07 12:22:00 PM
17312,5694,135,07-24-07 12:27:00 PM
17312,5857,704,12-17-07 11:26:00 AM
17312,7258,798,12-17-07 11:13:00 AM
17312,7920,251,08-27-07 04:43:00 PM
17312,8077,1121,08-05-07 12:16:00 PM
17312,8772,159,12-17-07 11:21:00 AM
17461,4214,877,02-11-06 02:26:00 PM
17541,4780,780,01-22-06 07:15:00 PM
17541,8263,905,01-22-06 07:15:00 PM
17541,8726,661,01-22-06 07:18:00 PM
17561,8082,840,02-11-06 10:57:00 PM
17647,4214,371,02-15-06 09:24:00 PM
17647,4296,522,02-16-06 09:28:00 PM
17647,4810,323,02-16-06 09:13:00 PM
17647,4870,19,02-19-06 11:48:00 AM
17647,4917,1096,02-16-06 08:37:00 PM
17647,5204,863,02-12-06 11:52:00 AM
17647,5254,988,02-12-06 11:44:00 AM
17647,5846,323,02-16-06 09:25:00 PM
17647,6270,64,02-15-06 09:18:00 PM
17647,6423,988,02-12-06 11:48:00 AM
17647,6428,19,02-15-06 09:52:00 PM
17647,6454,323,02-19-06 11:51:00 AM
17647,6759,689,02-16-06 09:26:00 PM
17647,6763,1009,02-14-06 07:20:00 PM
17647,6777,522,02-16-06 09:29:00 PM
17647,6840,1037,02-12-06 11:30:00 AM
17647,7034,377,02-14-06 07:19:00 PM
17647,7036,863,02-16-06 09:24:00 PM
17647,7047,323,02-14-06 07:28:00 PM
17647,7049,1096,02-16-06 09:17:00 PM
17647,7142,863,02-16-06 08:32:00 PM
17647,7180,863,02-16-06 09:22:00 PM
17647,7248,323,02-15-06 09:44:00 PM
17647,7309,1009,02-14-06 07:20:00 PM
17647,7755,623,02-12-06 11:57:00 AM
17647,7934,988,02-12-06 11:43:00 AM
17647,8267,323,02-15-06 09:53:00 PM
17647,8772,324,02-12-06 11:23:00 AM
17653,4730,450,03-22-06 06:34:00 AM
17653,6056,450,03-22-06 06:39:00 AM
17725,4355,230,03-24-08 06:41:00 AM
17755,4214,877,01-15-06 11:33:00 AM
17755,4999,1022,01-15-06 11:18:00 AM
17755,7934,989,01-15-06 11:26:00 AM
17779,6983,315,01-20-07 03:17:00 PM
17813,5715,835,01-26-08 06:41:00 PM
17909,9102,905,01-26-06 01:53:00 PM
17978,8245,849,09-14-08 12:46:00 PM
18015,8760,763,03-15-07 10:36:00 AM
18082,3977,268,06-08-08 02:47:00 PM
18093,4132,1121,04-19-06 01:24:00 PM
18093,4155,691,04-19-06 03:07:00 AM
18093,4549,232,04-19-06 05:41:00 AM
18093,4551,849,09-16-07 09:47:00 PM
18093,4772,232,04-19-06 05:40:00 AM
18093,5199,691,04-19-06 02:57:00 AM
18093,5254,232,04-19-06 03:04:00 AM
18093,5282,691,04-19-06 02:55:00 AM
18093,5520,909,04-21-06 10:56:00 AM
18093,5855,705,04-19-06 05:31:00 AM
18093,6679,1087,04-21-06 10:47:00 AM
18093,7045,296,04-19-06 02:58:00 AM
18093,7247,305,04-19-06 05:38:00 AM
18093,7934,232,04-18-06 10:31:00 PM
18168,6600,575,08-07-06 02:14:00 AM
18384,4214,64,02-14-06 05:20:00 PM
18404,8738,425,11-14-07 03:17:00 PM
18473,4132,1126,02-14-06 11:49:00 PM
18666,4780,995,05-01-07 12:32:00 PM
18666,4785,995,05-01-07 01:04:00 PM
18666,4870,181,06-19-08 10:24:00 AM
18666,5127,599,04-13-06 02:56:00 PM
18666,5350,336,04-19-06 02:03:00 PM
18666,5386,770,06-19-08 11:08:00 AM
18666,5432,153,04-13-06 02:32:00 PM
18666,5805,336,04-19-06 01:46:00 PM
18666,6116,612,04-14-06 02:42:00 PM
18666,6119,608,05-01-07 01:08:00 PM
18666,6278,235,05-15-07 08:33:00 AM
18666,6427,994,05-15-07 08:36:00 AM
18666,6644,505,04-13-06 04:06:00 PM
18666,6645,354,05-01-07 01:07:00 PM
18666,6651,425,05-23-07 06:54:00 AM
18666,6665,149,04-13-06 04:37:00 PM
18666,7042,110,05-15-07 09:14:00 AM
18666,7248,642,04-13-06 04:01:00 PM
18666,8171,1128,04-13-06 04:28:00 PM
18666,9113,599,04-13-06 02:58:00 PM
18666,9130,599,05-01-07 12:41:00 PM
18786,8254,903,09-17-08 01:19:00 PM
18797,7239,165,02-16-06 01:00:00 PM
18802,8748,268,11-11-08 02:02:00 AM
18853,4132,1121,05-01-06 02:52:00 PM
18921,4214,371,02-17-06 06:50:00 AM
18983,5159,1067,07-11-07 10:42:00 AM
18983,6600,575,05-01-06 02:15:00 PM
18983,8282,1067,07-11-07 10:42:00 AM
19018,5846,296,01-23-06 06:37:00 PM
19054,6119,599,02-17-06 01:08:00 PM
19106,7934,988,04-12-06 10:32:00 PM
19175,5034,1067,09-04-06 01:21:00 PM
19391,4920,774,09-20-08 08:18:00 PM
19391,5963,505,12-07-08 07:03:00 PM
19460,4148,331,08-07-06 05:59:00 AM
19460,4917,1096,10-12-06 02:05:00 PM
19460,7322,992,01-03-07 11:34:00 AM
19493,7934,1072,02-19-06 12:14:00 PM
19562,6773,562,01-20-07 06:44:00 AM
19562,7251,563,01-20-07 06:44:00 AM
19762,5233,1099,12-05-06 03:43:00 PM
19762,8652,1099,09-04-06 12:30:00 PM
19854,7309,829,02-21-06 12:50:00 PM
19864,8211,1028,04-15-06 08:34:00 PM
19866,4780,780,02-21-06 06:14:00 PM
19866,6270,785,02-07-06 08:27:00 PM
19885,4057,155,02-21-06 01:50:00 PM
19885,4275,155,02-21-06 02:23:00 PM
19885,4607,155,02-21-06 02:00:00 PM
19885,4772,554,02-21-06 02:49:00 PM
19885,5078,554,03-08-06 12:25:00 PM
19885,5283,155,02-21-06 01:37:00 PM
19885,5369,155,05-25-06 02:23:00 PM
19885,5857,155,02-21-06 02:30:00 PM
19885,5890,417,02-21-06 02:29:00 PM
19885,6270,1072,02-21-06 01:38:00 PM
19885,6423,155,02-21-06 02:04:00 PM
19885,6453,155,02-21-06 02:23:00 PM
19885,6594,1073,03-09-06 11:52:00 AM
19885,6600,1073,02-21-06 02:25:00 PM
19885,6752,417,05-25-06 02:22:00 PM
19885,6840,155,02-21-06 02:09:00 PM
19885,7038,155,02-21-06 01:27:00 PM
19885,7249,554,02-21-06 02:23:00 PM
19885,7815,1073,05-25-06 02:22:00 PM
19885,8267,1072,02-21-06 02:46:00 PM
19909,4730,450,04-24-07 11:47:00 AM
19909,7041,900,08-04-07 02:19:00 PM
19923,4354,65,02-14-06 01:54:00 PM
19923,4922,293,05-12-06 01:32:00 PM
20591,4785,1028,05-28-08 04:40:00 AM
20729,4057,824,11-26-07 07:32:00 PM
20729,4252,731,11-27-07 02:59:00 PM
20729,4609,207,11-27-07 02:57:00 PM
20729,4641,968,11-26-07 07:32:00 PM
20729,4772,89,11-27-07 03:25:00 PM
20729,4922,727,11-26-07 07:36:00 PM
20729,5058,1080,11-28-07 03:46:00 PM
20729,5170,141,11-26-07 07:26:00 PM
20729,5482,731,12-01-07 05:08:00 PM
20729,5533,903,11-26-07 07:25:00 PM
20729,5775,682,11-26-07 07:37:00 PM
20729,6089,418,11-26-07 07:30:00 PM
20729,6273,262,11-27-07 02:19:00 PM
20729,6427,727,12-03-07 05:04:00 AM
20729,6509,79,11-27-07 02:25:00 PM
20729,6643,285,11-28-07 03:48:00 PM
20729,6759,587,11-27-07 02:25:00 PM
20729,6762,224,11-28-07 03:49:00 PM
20729,6844,505,11-27-07 03:23:00 PM
20729,7248,995,11-27-07 02:50:00 PM
20729,7763,230,11-26-07 07:34:00 PM
20729,8207,368,11-27-07 03:21:00 PM
20729,8246,733,11-27-07 02:51:00 PM
20729,8937,515,11-27-07 02:38:00 PM
20809,5350,419,02-26-06 03:49:00 AM
20897,6834,508,11-27-07 05:29:00 PM
20987,4546,304,11-27-07 11:19:00 PM
20987,5364,901,11-27-07 11:25:00 PM
20987,7260,232,12-29-07 09:52:00 AM
21011,5572,800,03-07-07 05:56:00 AM
21052,4882,652,01-25-07 05:19:00 PM
21052,7248,995,01-25-07 05:20:00 PM
21062,4793,785,02-27-06 07:42:00 AM
21101,4882,732,01-25-07 08:39:00 PM
21244,8777,431,03-14-06 07:53:00 PM
21272,8207,1108,01-18-06 09:45:00 AM
21272,8211,1028,01-18-06 09:42:00 AM
21348,4882,824,11-29-07 08:57:00 AM
21372,8777,431,12-11-06 01:14:00 PM
21374,4781,45,01-30-07 08:11:00 AM
21374,4785,1028,01-27-07 02:11:00 PM
21374,5350,1028,04-11-07 07:27:00 AM
21374,5783,45,01-30-07 05:02:00 AM
21374,5805,336,01-30-07 04:16:00 AM
21374,6223,824,02-14-07 06:47:00 PM
21374,6426,1028,01-30-07 05:04:00 AM
21374,6763,763,11-26-07 06:33:00 PM
21374,7248,642,02-02-07 05:15:00 PM
21374,7309,763,11-26-07 06:34:00 PM
21374,7824,847,02-23-07 06:46:00 AM
21374,7942,77,01-27-07 02:20:00 PM
21374,8159,1128,01-30-07 05:01:00 AM
21374,8211,1028,02-15-07 05:34:00 PM
21374,8777,362,05-11-07 07:57:00 AM
21513,6665,149,01-29-07 02:32:00 AM
21712,6278,763,06-15-06 04:32:00 PM
21767,5127,599,02-06-08 08:09:00 PM
22025,5572,800,03-05-06 09:01:00 AM
22025,5584,800,03-05-06 09:00:00 AM
22025,6664,800,03-05-06 08:57:00 AM
22025,7920,800,03-05-06 08:59:00 AM
22025,8051,800,03-05-06 08:59:00 AM
22025,8214,800,03-05-06 09:00:00 AM
22075,6600,846,01-29-07 10:10:00 AM
22095,4214,371,10-06-08 07:52:00 AM
22095,5204,1102,10-06-08 07:53:00 AM
22095,5254,232,10-06-08 07:52:00 AM
22095,6166,687,10-06-08 08:16:00 PM
22095,6819,582,10-08-08 01:18:00 PM
22095,7322,992,10-06-08 07:53:00 AM
22095,8082,235,10-30-08 12:53:00 PM
22125,4641,577,04-09-06 08:43:00 AM
22198,9079,324,02-07-06 11:54:00 AM
22609,5407,852,03-07-07 09:14:00 PM
22609,6509,1104,03-07-07 09:09:00 PM
22713,5123,844,06-29-06 12:10:00 PM
22713,5349,844,06-29-06 01:15:00 PM
22713,5784,844,06-29-06 12:11:00 PM
22713,6222,1050,11-27-07 08:27:00 AM
22713,6426,53,06-29-06 01:04:00 PM
22713,6428,1025,06-29-06 01:12:00 PM
22713,6482,1004,06-29-06 12:08:00 PM
22713,7755,1028,06-29-06 01:38:00 PM
22815,4296,901,02-02-07 11:44:00 AM
22815,4549,544,02-01-07 02:21:00 PM
22957,8108,43,06-01-06 02:56:00 PM
22957,8171,1128,04-08-06 12:57:00 PM
23011,6509,1047,11-01-08 11:05:00 AM
23032,5350,778,01-25-06 11:35:00 AM
23032,7047,903,02-04-06 07:06:00 AM
23032,7050,778,01-25-06 11:36:00 AM
23032,8254,460,12-02-06 09:00:00 AM
23110,3963,863,03-08-06 06:54:00 AM
23110,4214,64,03-08-06 05:04:00 AM
23110,4296,230,03-08-06 06:45:00 AM
23110,5254,989,03-08-06 06:32:00 AM
23110,6777,230,03-08-06 06:45:00 AM
23110,7322,503,03-08-06 04:09:00 AM
23110,7580,1016,05-11-06 02:26:00 PM
23110,7815,315,03-23-06 04:48:00 PM
23110,7938,509,03-08-06 06:52:00 AM
23110,8204,64,03-08-06 05:14:00 AM
23172,4148,331,05-21-06 08:37:00 AM
23172,4214,371,07-07-06 09:48:00 AM
23172,4626,1013,07-27-06 11:21:00 PM
23172,4641,577,07-28-06 11:30:00 PM
23172,4772,234,03-02-06 01:36:00 PM
23172,4793,785,05-30-06 12:12:00 AM
23172,4870,595,06-04-07 05:32:00 AM
23172,4899,439,04-15-06 07:12:00 PM
23172,4920,86,08-27-08 10:07:00 PM
23172,5041,541,11-02-06 03:46:00 PM
23172,5199,847,04-30-08 06:50:00 PM
23172,5254,988,04-07-06 10:23:00 AM
23172,5282,107,10-21-06 06:28:00 PM
23172,5283,965,06-16-06 06:44:00 AM
23172,5413,862,08-28-08 06:50:00 AM
23172,5520,909,08-11-06 10:46:00 AM
23172,5533,489,05-26-06 02:36:00 PM
23172,5572,482,12-28-06 02:14:00 PM
23172,5694,754,07-07-06 10:06:00 AM
23172,5713,755,07-07-06 10:02:00 AM
23172,5792,107,02-16-07 03:00:00 PM
23172,5845,964,05-25-06 09:25:00 AM
23172,6270,785,05-30-06 12:14:00 AM
23172,6273,202,06-23-06 06:52:00 AM
23172,6278,706,06-22-06 07:30:00 AM
23172,6428,623,03-24-06 10:52:00 AM
23172,6441,608,07-14-06 09:04:00 PM
23172,6455,1076,09-14-06 03:55:00 PM
23172,6484,795,08-12-06 12:55:00 AM
23172,6561,675,06-16-06 07:22:00 AM
23172,6600,86,04-24-07 07:39:00 PM
23172,6763,145,06-29-06 11:28:00 AM
23172,6819,582,09-22-06 07:52:00 PM
23172,7172,1013,01-12-06 11:13:00 PM
23172,7248,642,04-16-06 07:26:00 PM
23172,7755,623,02-09-07 12:28:00 PM
23172,7920,1022,12-28-06 02:15:00 PM
23172,7934,988,02-04-06 11:12:00 AM
23172,8245,732,07-13-07 02:24:00 PM
23172,8267,754,07-07-06 10:05:00 AM
23172,8281,498,07-20-06 07:45:00 PM
23172,8726,847,08-23-06 07:54:00 PM
23172,8762,675,08-11-06 10:44:00 AM
23172,8777,431,04-22-06 08:59:00 AM
23172,8926,1102,09-12-07 05:54:00 PM
23388,4057,86,02-26-07 09:03:00 AM
23388,4549,138,02-12-07 10:21:00 PM
23388,4780,1008,02-24-07 12:04:00 AM
23388,4785,829,03-06-07 07:08:00 AM
23388,4795,557,02-16-07 09:00:00 PM
23388,4920,1114,02-21-07 12:03:00 AM
23388,5295,717,02-16-07 03:08:00 AM
23388,5356,829,02-16-07 11:36:00 PM
23388,5407,344,02-16-07 03:51:00 PM
23388,5576,829,02-11-07 02:35:00 AM
23388,5695,282,03-07-07 09:37:00 AM
23388,5792,238,03-06-07 02:22:00 PM
23388,5852,325,02-16-07 09:31:00 PM
23388,5860,475,02-16-07 08:59:00 PM
23388,6063,351,02-16-07 03:43:00 AM
23388,6098,312,02-22-07 04:25:00 AM
23388,6168,30,03-06-07 07:04:00 AM
23388,6188,1020,02-16-07 09:06:00 PM
23388,6600,618,02-11-07 02:32:00 AM
23388,6763,982,02-12-07 04:18:00 PM
23388,7034,845,03-02-07 04:05:00 PM
23388,7239,138,03-06-07 02:32:00 PM
23388,7248,138,02-23-07 12:45:00 AM
23388,7309,982,02-12-07 04:19:00 PM
23388,7331,291,02-14-07 01:52:00 AM
23388,7872,86,03-06-07 01:40:00 PM
23388,8158,767,03-03-07 03:02:00 PM
23388,8652,351,02-17-07 07:43:00 PM
23388,8881,238,02-26-07 08:29:00 AM
23538,6437,788,02-18-06 10:38:00 PM
23647,4793,785,03-09-06 04:26:00 PM
23647,6231,315,03-09-06 03:57:00 PM
23647,6262,315,03-09-06 04:51:00 PM
23647,8315,315,03-09-06 05:24:00 PM
23850,5350,778,01-29-07 09:37:00 PM
23850,8211,1028,03-14-06 11:19:00 PM
23858,5775,151,01-27-06 08:37:00 PM
23947,4785,995,10-13-08 12:43:00 AM
23953,4780,331,04-20-06 09:27:00 PM
23953,7920,800,04-12-07 02:46:00 PM
24132,4870,498,03-11-06 10:11:00 PM
24132,6456,1096,03-11-06 10:17:00 PM
24132,8211,1028,03-11-06 09:56:00 PM
24221,4214,107,02-21-07 06:37:00 AM
24221,4785,645,02-21-07 06:00:00 AM
24221,5016,732,06-05-07 03:54:00 AM
24221,6426,729,03-09-07 09:03:00 PM
24221,7755,1028,02-23-07 07:54:00 AM
24221,8159,732,05-09-07 10:24:00 PM
24221,8755,732,02-16-08 10:27:00 PM
24231,4214,107,10-04-07 08:13:00 PM
24231,7325,1069,10-05-07 06:56:00 AM
24234,6576,417,01-17-06 05:38:00 PM
24234,7207,201,02-02-06 12:35:00 PM
24234,8131,201,02-16-06 02:58:00 PM
24234,8983,439,01-17-06 05:40:00 PM
24376,6270,734,04-24-07 03:30:00 AM
24376,7247,1127,07-31-07 07:14:00 AM
24495,7920,800,01-14-06 10:25:00 PM
24592,6600,54,03-14-06 04:21:00 AM
24815,6763,1009,03-15-06 02:24:00 AM
25038,6665,149,12-18-07 11:54:00 AM
25191,9090,323,01-19-06 10:57:00 AM
25244,6763,1009,02-10-07 11:53:00 PM
25244,7309,1009,02-10-07 11:54:00 PM
25286,8096,285,12-16-07 12:45:00 AM
25416,4214,107,10-19-08 07:12:00 AM
25450,4132,127,01-08-07 03:54:00 PM
25450,4214,829,01-23-06 02:08:00 PM
25450,4355,763,01-23-06 02:08:00 PM
25450,4636,418,01-23-06 01:31:00 PM
25450,4723,418,01-23-06 07:20:00 PM
25450,4920,285,01-23-06 01:49:00 PM
25450,5282,829,01-23-06 01:32:00 PM
25450,5694,366,01-23-06 01:32:00 PM
25450,6597,829,01-23-06 01:53:00 PM
25450,6645,676,01-23-06 01:53:00 PM
25450,6752,763,01-23-06 07:26:00 PM
25450,6759,366,01-23-06 01:34:00 PM
25450,6768,763,01-23-06 01:54:00 PM
25450,6834,763,01-23-06 07:27:00 PM
25450,7934,54,01-23-06 01:36:00 PM
25450,8246,418,01-23-06 01:36:00 PM
25450,8267,497,01-23-06 07:27:00 PM
25460,6058,501,06-11-07 10:36:00 AM
25460,6426,501,06-11-07 10:36:00 AM
25460,6453,245,06-10-07 10:16:00 AM
25460,6643,1106,06-10-07 09:28:00 AM
25460,7325,501,06-11-07 10:36:00 AM
25679,6270,643,01-13-06 10:54:00 AM
25730,4787,1035,03-17-06 11:09:00 AM
25730,6223,267,03-17-06 12:00:00 PM
25730,7045,496,03-17-06 10:07:00 AM
25907,5515,587,12-31-07 12:44:00 PM
25907,5857,155,12-19-07 11:03:00 AM
25907,8159,1088,12-29-07 04:42:00 PM
25907,8248,17,12-31-07 12:49:00 PM
25907,8712,852,12-31-07 12:47:00 PM
25907,8741,331,12-31-07 10:49:00 AM
26007,4214,371,05-08-07 11:47:00 PM
26704,7248,887,09-04-07 09:46:00 AM
27307,5897,727,02-17-07 01:55:00 AM
27337,7248,163,03-22-06 09:24:00 AM
27744,7322,503,03-24-06 07:07:00 AM
27951,6594,331,01-01-08 03:45:00 PM
27951,7753,877,01-01-08 03:41:00 PM
28082,4780,780,06-04-06 08:29:00 AM
28122,4214,64,10-28-08 04:22:00 AM
28122,5368,322,10-28-08 04:30:00 AM
28300,5959,926,03-21-08 05:13:00 PM
28300,7756,256,03-15-08 02:39:00 PM
28438,4881,503,02-20-07 11:38:00 PM
28452,5805,336,09-01-08 05:01:00 PM
28481,6777,770,02-22-07 02:03:00 PM
28855,5159,334,06-03-06 11:30:00 AM
28855,5254,334,06-03-06 11:24:00 AM
28855,5283,334,06-03-06 11:26:00 AM
28855,6423,334,06-03-06 11:28:00 AM
28855,7934,334,06-03-06 11:24:00 AM
28855,7942,334,06-03-06 11:27:00 AM
28855,8162,334,06-03-06 11:27:00 AM
28914,7309,1009,11-20-06 01:02:00 PM
29061,8171,155,01-14-06 07:45:00 AM
29137,6763,763,11-20-08 06:53:00 AM
29137,8091,1034,11-19-08 04:22:00 PM
29202,8211,888,03-04-08 04:00:00 PM
29402,4214,244,04-01-06 07:05:00 AM
29421,6439,770,05-01-08 01:34:00 AM
29421,6770,374,02-16-08 04:56:00 PM
29421,7942,886,04-05-07 05:15:00 PM
29421,8051,800,03-21-07 12:00:00 PM
29462,5198,850,03-28-08 12:03:00 AM
29462,5369,850,03-28-08 12:02:00 AM
29462,7050,850,03-28-08 12:00:00 AM
29490,5254,232,04-01-06 08:41:00 PM
29501,8207,368,08-02-06 11:23:00 AM
29501,8211,242,07-24-06 07:45:00 PM
29538,5369,749,03-08-07 04:06:00 PM
29538,7920,800,03-08-07 04:05:00 PM
29559,4155,164,01-25-06 01:13:00 PM
29592,5159,232,10-29-08 04:54:00 AM
29592,5369,741,10-30-08 07:08:00 AM
29592,7934,989,10-29-08 04:52:00 AM
29592,8282,632,10-29-08 04:55:00 AM
29592,8777,1047,10-29-08 05:13:00 AM
29680,4917,370,02-25-07 11:46:00 PM
29680,6426,19,02-25-07 11:43:00 PM
29892,6123,594,02-11-06 10:05:00 AM
30167,4058,732,09-21-06 04:58:00 PM
30167,4076,732,09-20-06 03:38:00 PM
30167,4132,729,09-23-06 04:11:00 PM
30167,4252,731,09-20-06 03:25:00 PM
30167,4297,731,09-19-06 11:16:00 PM
30167,4358,727,09-20-06 12:06:00 AM
30167,4607,731,09-20-06 02:02:00 PM
30167,4626,732,09-19-06 11:45:00 PM
30167,4683,730,09-22-06 05:00:00 PM
30167,4772,732,09-19-06 11:49:00 PM
30167,4787,729,09-20-06 11:55:00 PM
30167,4881,731,09-20-06 02:17:00 PM
30167,4882,732,09-19-06 11:12:00 PM
30167,4922,727,09-20-06 01:56:00 PM
30167,4980,731,09-20-06 12:03:00 AM
30167,4987,729,09-19-06 11:40:00 PM
30167,5016,732,09-21-06 06:54:00 PM
30167,5057,732,09-20-06 02:10:00 PM
30167,5188,732,09-20-06 04:33:00 PM
30167,5203,728,09-19-06 11:44:00 PM
30167,5254,730,09-22-06 04:54:00 PM
30167,5269,731,09-19-06 11:42:00 PM
30167,5355,727,09-20-06 12:06:00 AM
30167,5433,732,09-20-06 12:03:00 AM
30167,5482,731,09-19-06 11:25:00 PM
30167,5520,727,09-19-06 11:31:00 PM
30167,5533,730,09-23-06 07:16:00 PM
30167,5694,728,09-27-06 10:16:00 PM
30167,5712,727,09-19-06 11:43:00 PM
30167,5713,729,09-23-06 10:31:00 PM
30167,5783,729,09-20-06 11:56:00 PM
30167,5846,732,09-20-06 01:56:00 PM
30167,5857,730,09-27-06 12:01:00 AM
30167,5897,727,09-20-06 03:28:00 PM
30167,6089,732,09-19-06 11:21:00 PM
30167,6123,727,09-19-06 11:40:00 PM
30167,6190,729,09-20-06 02:35:00 PM
30167,6426,729,09-20-06 02:40:00 PM
30167,6427,727,09-19-06 11:55:00 PM
30167,6437,732,09-21-06 04:49:00 PM
30167,6441,730,09-21-06 05:18:00 PM
30167,6475,732,09-20-06 04:33:00 PM
30167,6596,732,09-20-06 02:32:00 PM
30167,6752,763,09-23-06 04:31:00 PM
30167,6759,726,09-25-06 07:40:00 PM
30167,6774,727,09-20-06 02:01:00 PM
30167,6829,731,09-19-06 11:27:00 PM
30167,6840,731,09-19-06 11:32:00 PM
30167,7034,729,09-23-06 03:45:00 PM
30167,7036,726,09-25-06 07:46:00 PM
30167,7042,732,09-19-06 11:20:00 PM
30167,7045,730,09-21-06 05:26:00 PM
30167,7047,732,09-19-06 11:33:00 PM
30167,7049,732,09-20-06 12:06:00 AM
30167,7054,732,09-19-06 11:58:00 PM
30167,7172,731,09-20-06 04:38:00 PM
30167,7206,731,09-20-06 02:13:00 PM
30167,7247,730,09-25-06 11:40:00 PM
30167,7248,730,09-22-06 05:45:00 PM
30167,7249,731,09-20-06 02:15:00 PM
30167,7313,731,09-19-06 11:45:00 PM
30167,7650,731,09-20-06 03:46:00 PM
30167,7887,727,09-20-06 03:23:00 PM
30167,8159,732,09-20-06 02:14:00 PM
30167,8165,731,09-20-06 03:31:00 PM
30167,8245,732,09-20-06 02:12:00 PM
30167,8246,732,09-19-06 11:36:00 PM
30167,8684,729,01-26-07 01:29:00 PM
30167,8688,732,09-20-06 03:31:00 PM
30167,8737,731,09-19-06 11:43:00 PM
30167,8755,732,02-02-08 01:45:00 PM
30167,9323,729,09-26-06 12:44:00 PM
30613,9291,659,11-25-06 01:53:00 AM
30627,6428,807,01-01-07 12:46:00 PM
30627,7042,164,01-01-07 12:44:00 PM
30627,7325,1069,01-01-07 12:51:00 PM
30785,5325,1126,01-24-06 12:50:00 PM
30785,8734,1126,01-24-06 12:26:00 PM
31068,6840,292,01-12-08 12:39:00 PM
31098,4793,63,04-09-06 01:25:00 AM
31175,4549,232,05-02-06 01:05:00 AM
31175,5159,232,05-22-06 03:27:00 PM
31175,5369,232,05-02-06 01:07:00 AM
31175,7260,232,05-02-06 01:09:00 AM
31175,7934,232,05-02-06 01:04:00 AM
31179,6763,763,09-05-07 04:36:00 AM
31179,8254,1058,09-05-07 04:28:00 AM
31179,8772,807,09-05-07 04:35:00 AM
31209,8211,1028,04-09-06 06:03:00 PM
31296,7247,19,03-04-07 03:39:00 PM
31381,5842,684,03-05-07 11:56:00 AM
31449,7755,492,01-12-08 05:05:00 AM
31509,7143,673,04-11-06 05:11:00 AM
31661,7248,863,03-12-07 04:48:00 AM
31784,6278,235,05-23-07 01:11:00 PM
31911,6223,1099,04-13-06 07:05:00 AM
31911,6643,1069,04-13-06 07:19:00 AM
31911,7047,903,04-13-06 06:58:00 AM
32299,7942,886,01-14-08 02:30:00 PM
32357,7964,290,07-28-07 08:04:00 AM
32406,7180,777,02-04-07 02:03:00 PM
32508,4793,309,02-08-06 04:09:00 PM
32538,8772,323,02-15-06 02:54:00 AM
32747,8246,1110,11-11-06 04:08:00 PM
32861,4155,863,03-20-07 10:12:00 AM
32861,4275,586,03-20-07 08:00:00 AM
32861,4355,230,03-20-07 10:19:00 AM
32861,4793,186,03-20-07 10:08:00 AM
32861,4899,863,03-20-07 10:09:00 AM
32861,5254,19,03-20-07 07:53:00 AM
32861,5523,863,03-20-07 08:49:00 AM
32861,5858,863,03-20-07 08:43:00 AM
32861,6428,1096,03-20-07 10:15:00 AM
32861,6654,863,03-20-07 07:48:00 AM
32861,6775,1096,03-20-07 08:42:00 AM
32861,6829,863,03-20-07 10:09:00 AM
32861,7036,863,03-20-07 07:53:00 AM
32861,7038,323,03-20-07 07:45:00 AM
32861,7042,323,03-20-07 10:17:00 AM
32861,7064,402,03-20-07 07:39:00 AM
32861,7142,863,03-20-07 08:43:00 AM
32861,7248,323,03-20-07 07:45:00 AM
32861,8274,359,03-20-07 07:46:00 AM
32861,8900,863,03-20-07 10:12:00 AM
33074,7507,1103,03-27-07 06:11:00 PM
33305,4354,65,04-20-06 07:58:00 AM
33305,5123,63,04-20-06 07:59:00 AM
33305,6763,1009,04-20-06 08:02:00 AM
33305,7309,1009,04-20-06 07:59:00 AM
33305,7942,886,04-20-06 07:59:00 AM
33384,4155,22,04-28-07 04:32:00 PM
33384,4274,310,07-08-07 03:37:00 PM
33384,4275,24,06-17-07 05:15:00 PM
33384,4296,770,08-31-07 10:29:00 AM
33384,4355,682,06-10-07 01:59:00 PM
33384,4551,336,04-28-07 07:14:00 PM
33384,4641,577,08-12-07 06:49:00 AM
33384,4772,682,05-11-07 03:19:00 AM
33384,4793,786,07-08-07 03:45:00 PM
33384,4881,770,07-07-07 06:05:00 PM
33384,4920,28,04-14-07 07:36:00 PM
33384,4921,262,05-05-07 06:50:00 AM
33384,5015,775,07-02-07 04:21:00 PM
33384,5127,828,07-07-07 05:40:00 PM
33384,5254,49,05-14-07 02:05:00 PM
33384,5324,111,07-02-07 04:33:00 PM
33384,5349,310,07-08-07 03:24:00 PM
33384,5350,682,04-28-07 02:19:00 PM
33384,5385,22,07-02-07 04:26:00 PM
33384,5386,770,04-28-07 04:18:00 PM
33384,5688,111,08-12-07 07:12:00 AM
33384,5694,133,08-12-07 07:40:00 AM
33384,5706,111,07-07-07 05:59:00 PM
33384,5775,682,05-12-07 12:36:00 PM
33384,5784,784,07-02-07 04:17:00 PM
33384,5845,111,05-11-07 03:58:00 AM
33384,5846,286,07-07-07 05:31:00 PM
33384,5904,133,04-28-07 05:44:00 PM
33384,6058,989,05-14-07 02:06:00 PM
33384,6231,239,07-07-07 05:14:00 PM
33384,6273,262,05-05-07 06:45:00 AM
33384,6392,111,04-28-07 04:33:00 PM
33384,6423,23,06-23-07 09:53:00 AM
33384,6425,784,07-07-07 05:48:00 PM
33384,6426,1028,05-11-07 06:58:00 AM
33384,6439,770,06-23-07 03:45:00 PM
33384,6453,24,06-17-07 05:15:00 PM
33384,6766,828,06-19-07 06:13:00 PM
33384,6768,263,05-05-07 06:30:00 AM
33384,6777,770,08-31-07 10:29:00 AM
33384,6778,310,07-08-07 03:37:00 PM
33384,7051,775,05-12-07 12:04:00 PM
33384,7180,57,07-19-07 06:36:00 AM
33384,7212,682,06-08-07 04:59:00 PM
33384,7247,1128,06-23-07 09:47:00 AM
33384,7248,57,04-28-07 06:09:00 PM
33384,7261,310,07-08-07 03:39:00 PM
33384,7317,111,04-28-07 05:41:00 PM
33384,7322,503,07-07-07 05:30:00 PM
33384,7627,903,05-11-07 03:42:00 AM
33384,7852,22,04-28-07 05:07:00 PM
33384,7934,49,05-14-07 02:05:00 PM
33384,7942,77,06-23-07 09:33:00 AM
33384,8159,24,06-17-07 05:14:00 PM
33384,8171,770,04-28-07 03:13:00 PM
33384,8234,22,05-12-07 08:20:00 AM
33384,8248,1117,04-28-07 07:06:00 PM
33384,8254,903,08-05-07 03:14:00 PM
33384,8263,133,04-28-07 08:57:00 PM
33384,8267,775,07-02-07 04:29:00 PM
33384,8791,111,07-07-07 06:19:00 PM
33384,8900,22,04-28-07 04:32:00 PM
33384,8983,828,04-28-07 05:50:00 PM
33384,9125,659,06-17-07 04:30:00 PM
33460,5959,505,01-12-06 03:03:00 PM
33460,6644,505,01-12-06 03:18:00 PM
33460,6844,505,01-12-06 03:24:00 PM
33460,7753,505,01-12-06 03:21:00 PM
33477,6372,978,03-15-07 01:19:00 PM
33518,4214,64,04-20-06 01:26:00 PM
33780,6278,763,08-11-06 08:35:00 PM
33780,6840,715,08-09-06 03:25:00 PM
33891,6643,1069,03-15-07 09:40:00 AM
34295,9130,350,02-03-06 10:10:00 AM
34329,4682,177,01-26-06 10:38:00 AM
34420,8684,978,05-19-08 06:08:00 PM
34671,4275,1075,04-24-08 12:28:00 AM
34671,4354,1075,04-24-08 12:27:00 AM
34671,5368,802,06-03-08 11:27:00 PM
34671,6453,1075,04-24-08 12:28:00 AM
34671,8159,1075,04-24-08 12:27:00 AM
34680,6840,849,05-04-06 01:24:00 AM
34680,7248,995,05-04-06 01:18:00 AM
34704,7309,1085,04-25-06 04:32:00 AM
34745,4354,244,03-26-08 12:39:00 AM
34745,4681,113,05-18-07 02:48:00 AM
34745,4780,780,05-18-07 02:16:00 AM
34745,4793,754,01-27-07 02:01:00 PM
34745,4954,631,07-17-08 06:25:00 AM
34745,5016,795,05-18-07 02:31:00 AM
34745,5123,844,05-18-07 02:26:00 AM
34745,5283,881,05-25-07 04:27:00 AM
34745,5349,844,05-18-07 02:26:00 AM
34745,5369,749,01-28-07 08:49:00 AM
34745,5784,1044,05-18-07 02:26:00 AM
34745,6057,170,01-03-08 09:13:00 AM
34745,6778,844,05-18-07 02:26:00 AM
34745,6834,749,01-07-08 06:36:00 AM
34745,7248,760,01-28-07 08:39:00 AM
34745,7261,1007,07-23-08 08:29:00 AM
34745,7934,989,05-18-07 02:39:00 AM
34745,8171,1127,07-14-07 04:45:00 AM
34745,8204,244,10-20-07 10:23:00 AM
34745,8214,877,06-20-07 03:38:00 AM
34745,8216,905,08-16-07 08:44:00 AM
34796,5805,336,04-25-06 02:50:00 PM
34900,4785,824,05-01-06 04:20:00 AM
34900,5533,489,05-01-06 04:22:00 AM
34958,4793,193,04-26-06 09:27:00 AM
34958,6237,421,04-26-06 09:53:00 AM
34958,7270,793,04-29-06 01:50:00 PM
35064,8082,829,05-01-06 08:10:00 PM
35543,6454,523,04-29-06 08:32:00 PM
35821,8777,431,02-13-08 09:38:00 PM
36063,8726,388,05-02-06 05:03:00 AM
36151,4214,327,01-30-08 09:26:00 AM
36151,4785,887,01-30-08 09:40:00 AM
36151,4793,785,01-30-08 09:25:00 AM
36151,5123,64,01-30-08 10:11:00 AM
36151,6270,785,01-30-08 09:25:00 AM
36538,8693,125,08-21-06 10:54:00 AM
36553,5350,778,02-22-07 12:08:00 AM
36784,4954,1125,11-04-06 04:49:00 PM
36784,5159,460,10-24-06 12:34:00 PM
36784,5294,327,12-31-07 08:56:00 PM
36784,5890,134,08-30-06 12:47:00 PM
36784,6425,327,12-31-07 08:57:00 PM
36784,6643,460,10-24-06 12:34:00 PM
36784,7047,134,08-30-06 11:51:00 AM
36784,7211,277,04-09-07 09:59:00 AM
36784,7260,460,10-24-06 12:34:00 PM
36784,7325,460,10-24-06 12:35:00 PM
36784,7964,290,04-28-08 06:46:00 AM
36784,8204,327,12-31-07 08:54:00 PM
36784,8263,134,08-30-06 12:42:00 PM
36784,8267,134,08-30-06 11:51:00 AM
36784,8282,460,10-24-06 12:34:00 PM
36784,8777,34,11-07-06 04:19:00 PM
36784,8826,34,11-07-06 04:19:00 PM
36802,7180,417,05-16-07 07:20:00 PM
36879,6231,952,05-28-08 11:15:00 AM
36879,6266,847,07-04-08 08:53:00 PM
36988,6428,784,01-22-06 12:56:00 PM
36988,8246,905,01-22-06 12:58:00 PM
37216,5890,1047,05-09-06 09:31:00 PM
37216,6373,795,05-09-06 09:20:00 PM
37216,6768,262,05-09-06 10:02:00 PM
37216,8772,756,05-09-06 09:41:00 PM
37419,5855,806,05-05-06 05:19:00 PM
37419,6089,416,07-18-06 05:02:00 PM
37419,7247,1128,07-18-06 11:21:00 PM
37419,7322,503,02-18-06 03:35:00 PM
37419,7763,763,01-14-06 01:24:00 AM
37419,8246,1110,02-18-06 03:39:00 PM
37419,8315,582,02-24-06 09:35:00 PM
37454,7147,863,07-01-08 06:03:00 PM
37454,8698,689,08-03-08 05:07:00 PM
37657,4793,785,05-11-06 01:11:00 PM
37698,4214,64,05-11-06 09:46:00 PM
37698,4252,255,05-11-06 09:59:00 PM
37698,4626,417,05-11-06 09:58:00 PM
37698,4785,824,05-12-06 09:01:00 AM
37698,4793,785,05-12-06 09:08:00 AM
37698,4870,268,05-12-06 09:09:00 AM
37698,4917,323,05-12-06 09:10:00 AM
37698,5171,268,05-11-06 09:58:00 PM
37698,5282,154,05-12-06 09:01:00 AM
37698,5349,309,05-11-06 09:57:00 PM
37698,5350,419,05-11-06 09:45:00 PM
37698,5572,315,05-11-06 09:45:00 PM
37698,5890,268,05-11-06 10:45:00 PM
37698,5959,1085,05-12-06 08:52:00 AM
37698,6089,416,05-12-06 09:09:00 AM
37698,6270,785,05-12-06 09:12:00 AM
37698,6428,784,05-11-06 10:42:00 PM
37698,7034,996,05-11-06 10:45:00 PM
37698,7248,995,05-12-06 08:59:00 AM
37698,7763,1013,05-11-06 10:35:00 PM
37698,7815,315,05-12-06 09:05:00 AM
37698,7934,232,05-11-06 10:42:00 PM
37698,8171,1128,05-12-06 09:09:00 AM
37698,8768,576,05-12-06 09:01:00 AM
37698,8772,159,05-12-06 09:00:00 AM
37698,8777,431,05-11-06 10:25:00 PM
37762,5732,178,04-20-06 03:08:00 PM
37782,4214,371,05-12-06 12:01:00 PM
37782,5204,1102,05-16-06 11:06:00 AM
37782,6777,978,05-12-06 12:18:00 PM
38111,6600,1111,04-02-07 06:22:00 PM
38121,4785,1028,05-14-06 03:47:00 PM
38298,8267,1072,04-12-07 04:51:00 AM
38396,4214,417,02-05-08 06:48:00 PM
38396,4793,186,02-05-08 06:46:00 PM
38527,7320,807,01-20-06 11:38:00 PM
38662,4780,326,03-27-07 12:08:00 PM
38662,6428,784,06-05-07 01:45:00 PM
38662,6752,862,05-05-06 02:10:00 PM
38662,7934,989,06-11-07 07:38:00 AM
38662,8171,1128,01-12-06 02:36:00 PM
38662,8207,780,09-23-07 01:54:00 PM
38662,8983,961,02-19-08 02:05:00 PM
38726,4874,675,05-21-07 05:03:00 PM
38726,7753,847,11-01-08 07:55:00 PM
38726,8666,675,04-09-07 12:50:00 PM
38740,4683,720,06-13-06 11:39:00 AM
38848,4781,887,01-19-06 10:28:00 PM
38848,5407,45,01-19-06 10:27:00 PM
38848,5694,75,01-20-06 10:33:00 AM
38875,6116,612,10-06-06 01:43:00 PM
38882,4723,455,02-07-08 08:09:00 PM
38927,6121,849,02-04-07 06:25:00 PM
38927,7247,849,02-04-07 06:19:00 PM
38928,8737,731,11-13-06 11:42:00 PM
38960,7938,171,03-20-08 03:36:00 PM
39065,4157,182,11-10-06 10:05:00 PM
39065,4549,829,11-10-06 09:45:00 PM
39065,4723,829,11-10-06 09:55:00 PM
39065,4793,278,11-10-06 10:10:00 PM
39065,5041,909,11-10-06 09:45:00 PM
39065,5127,909,11-10-06 09:49:00 PM
39065,5203,829,11-10-06 09:57:00 PM
39065,6089,829,11-10-06 09:56:00 PM
39065,6261,229,11-10-06 09:42:00 PM
39065,6278,1116,11-10-06 09:48:00 PM
39065,6770,829,11-10-06 09:51:00 PM
39065,6829,278,11-10-06 09:52:00 PM
39065,7034,829,11-10-06 09:46:00 PM
39065,7248,829,11-10-06 09:50:00 PM
39065,8082,829,11-10-06 09:45:00 PM
39065,8207,368,12-05-06 12:23:00 PM
39104,6270,309,05-20-06 04:50:00 PM
39316,8688,732,06-18-07 10:20:00 AM
39677,5520,118,10-06-06 11:00:00 AM
39677,6763,910,02-23-07 08:50:00 PM
39799,8734,1126,06-01-06 11:22:00 AM
39812,7143,998,11-01-08 06:53:00 PM
39935,5720,431,05-13-07 10:16:00 PM
39935,7753,877,05-19-07 09:48:00 PM
39935,8777,431,05-19-07 09:55:00 PM
40209,5942,515,03-13-06 08:56:00 PM
40344,5846,323,05-28-06 04:29:00 AM
40344,7260,232,05-28-06 01:35:00 AM
40344,7934,988,05-28-06 01:34:00 AM
40344,8772,323,05-28-06 01:33:00 AM
40737,7903,185,01-14-06 01:01:00 PM
40895,6763,631,10-31-08 07:11:00 AM
40930,5890,387,03-01-08 03:08:00 PM
40930,6270,387,03-26-08 07:03:00 AM
40930,7038,1091,03-01-08 03:01:00 PM
41002,7270,793,05-31-06 04:20:00 AM
41130,4296,770,01-02-08 09:25:00 PM
41130,4641,770,01-02-08 09:17:00 PM
41130,5159,1067,01-14-06 10:46:00 PM
41130,5386,770,01-02-08 09:26:00 PM
41130,5775,573,01-14-06 10:30:00 PM
41130,6439,770,01-02-08 09:19:00 PM
41130,6643,1067,01-14-06 10:26:00 PM
41130,6644,680,01-14-06 10:54:00 PM
41130,6777,770,01-02-08 09:26:00 PM
41130,7247,1127,01-14-06 10:14:00 PM
41130,7877,1127,01-14-06 11:00:00 PM
41130,8171,1127,01-14-06 10:15:00 PM
41130,8282,1067,01-14-06 10:30:00 PM
41178,5783,521,01-18-06 08:09:00 PM
41587,7036,230,07-04-06 04:23:00 PM
41622,7903,185,03-26-08 06:34:00 PM
41688,8254,469,05-21-06 07:54:00 AM
41726,4785,1028,08-20-06 12:51:00 PM
41740,5805,380,06-02-08 06:42:00 AM
41829,7755,623,02-04-06 12:43:00 PM
42138,7172,1013,06-06-06 10:23:00 PM
42500,6763,1085,09-19-07 03:10:00 PM
42500,7309,1085,09-19-07 03:01:00 PM
42698,8211,220,04-22-07 09:22:00 AM
43113,4132,1121,11-04-07 07:18:00 AM
43113,4148,331,11-04-07 03:24:00 PM
43113,5013,1121,11-04-07 08:25:00 AM
43113,5325,1121,11-04-07 07:45:00 AM
43113,5386,770,11-04-07 08:24:00 AM
43113,6439,770,11-04-07 03:20:00 PM
43113,7755,377,07-12-08 11:19:00 PM
43189,5381,927,04-24-07 07:08:00 AM
43189,6504,927,04-24-07 07:10:00 AM
43205,5350,995,06-10-06 09:10:00 AM
43501,4723,455,06-11-06 12:13:00 PM
43527,4681,374,02-29-08 01:45:00 PM
43603,4780,331,06-26-06 08:57:00 AM
43603,4989,79,06-11-06 07:45:00 PM
43603,8214,505,06-11-06 06:53:00 PM
43699,4989,360,08-23-06 08:38:00 PM
43699,5350,778,08-23-06 08:35:00 PM
43699,7050,778,08-23-06 08:35:00 PM
43699,7815,315,08-16-06 07:29:00 PM
43792,4609,19,04-11-06 09:27:00 PM
43792,5254,987,02-20-06 07:49:00 AM
43792,6426,1028,02-20-06 08:02:00 AM
43792,7325,664,02-20-06 08:09:00 AM
43792,7934,987,02-20-06 07:51:00 AM
43867,6774,903,11-06-08 09:57:00 AM
43948,7322,992,06-16-06 12:16:00 PM
44049,5572,978,05-31-08 08:48:00 AM
44049,7248,763,05-31-08 08:40:00 AM
44049,7258,312,05-31-08 09:01:00 AM
44049,8772,1054,05-31-08 08:32:00 AM
44404,6844,141,11-07-08 04:24:00 PM
44485,7507,935,06-17-06 09:22:00 AM
44572,8755,732,11-08-08 06:17:00 AM
44697,8772,159,05-01-07 03:01:00 PM
45049,8937,515,10-15-07 11:10:00 AM
45070,6659,178,07-21-06 07:40:00 AM
45129,5351,776,03-21-07 08:23:00 AM
45129,5723,776,04-30-07 01:56:00 PM
45129,6665,776,07-28-08 09:08:00 AM
45190,5254,988,06-20-06 06:35:00 PM
45190,6270,785,06-20-06 06:34:00 PM
45190,6426,1028,06-26-06 06:23:00 AM
45190,7934,232,06-20-06 06:33:00 PM
45190,7964,988,06-21-06 12:36:00 PM
45190,8731,863,06-21-06 07:28:00 AM
45190,8772,756,06-26-06 07:05:00 AM
45257,5283,887,05-06-06 08:31:00 PM
45290,8171,1128,06-25-07 06:53:00 AM
45656,5254,232,06-22-06 06:24:00 PM
45656,7934,232,06-22-06 06:22:00 PM
45805,7325,1069,10-12-08 02:40:00 AM
45987,5735,818,02-15-06 06:25:00 PM
45987,8214,827,01-09-06 08:04:00 PM
45987,8246,763,01-09-06 08:06:00 PM
45987,8777,431,02-15-06 05:54:00 PM
46033,7049,296,02-06-06 10:13:00 AM
46085,4780,763,01-19-06 01:33:00 PM
46085,4810,296,01-19-06 01:32:00 PM
46085,6119,763,01-19-06 01:33:00 PM
46085,6278,763,01-19-06 01:34:00 PM
46085,6600,640,01-19-06 08:24:00 PM
46085,7045,763,01-19-06 01:34:00 PM
46085,7258,1054,02-12-06 07:23:00 AM
46085,8246,640,01-19-06 08:24:00 PM
46116,6428,29,06-26-06 07:52:00 PM
46127,5482,26,05-08-07 08:39:00 PM
46335,4275,155,05-11-07 08:03:00 PM
46335,7247,1128,05-12-07 03:42:00 PM
46335,8171,1128,05-12-07 03:42:00 PM
46353,4214,763,07-21-07 07:08:00 AM
46353,8211,1028,02-03-07 01:03:00 PM
46369,8082,863,11-11-08 11:09:00 PM
46375,8159,1128,05-08-07 04:58:00 PM
46586,5364,264,06-30-06 10:05:00 AM
46586,5775,151,06-30-06 10:15:00 AM
46655,5386,877,03-26-06 09:47:00 PM
46804,6270,785,11-13-08 03:29:00 AM
46804,7309,631,11-13-08 03:46:00 AM
46840,6169,202,05-30-06 06:34:00 PM
46940,8171,350,05-11-07 07:22:00 AM
46959,8111,1054,09-11-06 05:00:00 AM
46959,8772,285,05-03-07 07:33:00 AM
46959,8826,1054,09-11-06 04:59:00 AM
47249,4064,874,04-05-08 03:26:00 PM
47249,5057,874,04-05-08 03:22:00 PM
47384,8281,857,02-11-06 07:32:00 PM
47438,8734,1126,07-04-06 06:28:00 PM
47448,4057,180,07-19-06 06:49:00 PM
47448,4148,331,07-04-06 09:35:00 AM
47448,4551,849,07-10-06 12:02:00 PM
47448,4609,631,09-14-08 03:10:00 PM
47448,4781,45,07-05-06 08:35:00 PM
47448,4785,1028,07-03-06 03:44:00 PM
47448,4870,849,07-03-06 03:06:00 PM
47448,4882,849,11-27-06 10:31:00 AM
47448,5059,180,02-07-08 12:27:00 PM
47448,5159,1069,12-17-08 06:14:00 PM
47448,5199,691,06-24-07 03:06:00 PM
47448,5283,861,11-30-08 05:47:00 PM
47448,5293,849,07-03-06 03:29:00 PM
47448,5350,778,10-21-07 04:33:00 PM
47448,5416,339,01-14-08 04:03:00 PM
47448,5520,118,07-04-06 12:48:00 AM
47448,5533,849,07-10-06 03:24:00 PM
47448,5805,336,07-25-06 08:57:00 AM
47448,6089,227,12-17-08 05:04:00 PM
47448,6190,223,07-04-06 10:28:00 AM
47448,6237,421,07-26-06 02:57:00 PM
47448,6428,435,01-29-08 04:44:00 PM
47448,6643,1069,07-23-06 04:19:00 PM
47448,6757,339,10-06-08 04:21:00 PM
47448,7247,1128,07-03-06 04:21:00 PM
47448,7325,1106,03-24-08 07:12:00 PM
47448,7763,503,07-05-06 09:00:00 PM
47448,7920,1022,10-24-06 06:21:00 PM
47448,8171,1128,07-03-06 04:21:00 PM
47448,8214,827,08-08-06 11:37:00 AM
47448,8772,159,12-17-08 04:04:00 PM
47448,8869,339,01-04-09 06:58:00 PM
47711,7320,792,07-04-06 10:36:00 AM
48054,6123,727,03-05-07 03:11:00 PM
48337,4870,498,12-01-08 02:02:00 AM
48337,5254,232,12-01-08 02:06:00 AM
48337,6597,1050,12-01-08 02:03:00 AM
48337,8281,498,12-01-08 02:02:00 AM
48337,8772,691,12-01-08 02:07:00 AM
48454,5846,877,02-03-06 08:42:00 AM
48487,4882,995,11-17-08 04:04:00 PM
48600,4793,785,07-10-06 02:34:00 PM
48600,6270,785,07-10-06 02:34:00 PM
48621,5349,1104,07-24-07 06:38:00 PM
48621,6759,1072,06-19-06 06:09:00 PM
48717,4067,1104,12-09-06 10:37:00 PM
48717,4148,140,10-23-06 05:15:00 PM
48717,4354,397,10-23-06 05:14:00 PM
48717,4551,788,10-23-06 04:56:00 PM
48717,4917,1096,09-18-06 02:13:00 PM
48717,4999,261,10-23-06 05:35:00 PM
48717,5041,663,02-19-07 08:09:00 PM
48717,5169,215,10-23-06 04:21:00 PM
48717,5349,45,09-16-06 01:23:00 PM
48717,5386,505,09-20-06 01:06:00 PM
48717,5477,116,02-19-07 08:11:00 PM
48717,5576,719,09-16-06 01:04:00 PM
48717,5775,304,10-23-06 04:48:00 PM
48717,5890,469,09-18-06 02:14:00 PM
48717,6058,285,10-23-06 05:14:00 PM
48717,6437,97,10-23-06 05:16:00 PM
48717,6643,1054,10-23-06 04:54:00 PM
48717,6778,309,10-23-06 03:08:00 PM
48717,7180,643,09-16-06 01:06:00 PM
48717,7309,575,09-16-06 01:22:00 PM
48717,7325,1072,10-23-06 04:30:00 PM
48717,7755,492,09-18-06 02:08:00 PM
48717,7939,64,10-23-06 04:52:00 PM
48717,8082,421,10-23-06 04:25:00 PM
48717,8107,377,09-18-06 01:57:00 PM
48717,8135,165,10-18-06 03:48:00 PM
48717,8157,573,02-19-07 08:10:00 PM
48717,8211,550,09-18-06 02:10:00 PM
48717,8249,371,02-19-07 08:20:00 PM
48717,8274,1032,10-18-06 03:42:00 PM
48743,6600,938,07-10-06 07:13:00 PM
48890,4899,439,03-18-08 02:14:00 AM
49066,5123,186,11-22-08 03:37:00 PM
49265,4793,785,05-21-07 12:00:00 PM
49265,5293,1024,05-21-07 12:15:00 PM
49265,5364,264,05-21-07 11:38:00 AM
49265,5890,603,05-21-07 12:06:00 PM
49265,7942,153,05-21-07 11:34:00 AM
49383,8652,929,01-19-06 02:32:00 PM
49527,7877,1128,05-22-07 05:43:00 PM
49882,4057,180,08-13-07 12:42:00 PM
49882,4214,371,07-17-08 07:52:00 PM
49882,4354,887,08-10-07 01:04:00 PM
49882,4882,732,07-20-07 07:59:00 PM
49882,4899,1028,08-14-07 08:09:00 PM
49882,5016,795,07-18-07 04:06:00 PM
49882,5159,232,08-11-08 06:59:00 PM
49882,5254,232,06-17-08 05:58:00 PM
49882,5283,887,06-17-08 05:56:00 PM
49882,5350,778,07-10-07 06:19:00 PM
49882,5386,877,08-07-07 01:28:00 PM
49882,5407,639,08-10-07 01:00:00 PM
49882,5736,1106,07-16-07 07:23:00 PM
49882,5775,573,06-17-08 06:30:00 PM
49882,5890,415,06-22-07 07:38:00 PM
49882,5959,1085,06-17-08 06:32:00 PM
49882,6056,450,06-17-08 06:35:00 PM
49882,6151,44,09-10-08 06:48:00 AM
49882,6231,952,05-31-07 07:20:00 AM
49882,6423,232,08-01-08 06:36:00 AM
49882,6426,887,06-17-08 06:09:00 PM
49882,6428,784,08-08-08 10:18:00 PM
49882,6454,959,07-04-07 11:42:00 AM
49882,6597,383,07-04-07 11:41:00 AM
49882,6643,1067,07-31-07 05:28:00 PM
49882,6654,883,07-31-07 05:28:00 PM
49882,6839,824,06-17-08 06:34:00 PM
49882,7204,855,08-10-07 01:02:00 PM
49882,7322,503,07-18-07 04:14:00 PM
49882,7753,505,07-05-07 08:05:00 PM
49882,7854,197,07-18-07 04:09:00 PM
49882,7934,704,06-29-07 04:43:00 PM
49882,7942,420,07-16-07 07:21:00 PM
49882,8282,1069,08-15-08 02:08:00 PM
49882,8731,374,07-16-07 07:24:00 PM
49882,8777,1047,06-17-08 05:36:00 PM
50049,4651,663,03-25-08 07:50:00 AM
50543,8666,312,02-10-08 05:25:00 PM
50606,4723,978,11-29-08 02:15:00 PM
50606,5127,828,11-21-08 11:51:00 AM
50733,4297,599,01-02-09 08:50:00 PM
50733,5127,599,01-02-09 08:48:00 PM
50733,6119,935,01-02-09 08:47:00 PM
50733,6654,599,12-14-08 08:39:00 PM
50733,9113,599,01-02-09 08:49:00 PM
50733,9406,599,11-25-08 07:30:00 AM
50846,4785,1028,12-27-08 03:55:00 PM
50893,7938,638,02-19-06 11:24:00 PM
50893,8772,159,02-19-06 10:45:00 PM
50970,5283,887,10-17-06 03:34:00 PM
50970,5369,741,04-24-07 08:53:00 PM
50970,6057,719,09-08-07 09:55:00 PM
50970,7856,892,08-24-06 09:01:00 AM
50992,5773,824,06-06-06 07:55:00 PM
51027,4874,950,01-17-06 06:20:00 AM
51027,8082,950,01-17-06 06:21:00 AM
51027,8267,950,01-17-06 06:21:00 AM
51033,4155,574,02-23-06 08:50:00 AM
51033,4629,509,02-23-06 08:43:00 AM
51033,4869,509,02-25-06 11:35:00 AM
51033,5058,509,02-23-06 08:43:00 AM
51033,6087,509,02-23-06 08:44:00 AM
51033,6167,283,04-10-06 09:56:00 AM
51033,7038,774,04-14-06 07:58:00 AM
51033,7207,283,04-10-06 09:58:00 AM
51033,7920,800,04-14-06 07:55:00 AM
51033,8234,509,02-23-06 08:40:00 AM
51033,8274,509,02-23-06 08:24:00 AM
51033,8777,431,04-17-06 04:09:00 PM
51033,9113,425,02-24-06 12:51:00 PM
51118,4214,371,01-17-06 05:13:00 AM
51118,4870,595,01-17-06 05:31:00 AM
51118,5123,63,01-20-06 07:00:00 AM
51118,6119,935,01-20-06 07:21:00 AM
51118,6270,734,01-17-06 06:04:00 AM
51118,7041,885,02-17-06 06:19:00 AM
51118,7755,1112,01-17-06 05:45:00 AM
51301,5188,1014,12-09-08 12:58:00 AM
51373,4549,812,07-23-06 09:23:00 PM
51466,6437,732,11-28-06 09:54:00 AM
51603,4781,43,06-02-07 03:50:00 PM
51603,6270,763,06-15-07 07:25:00 PM
51603,8281,718,06-15-07 07:30:00 PM
51832,8246,846,05-22-08 11:55:00 AM
51954,5204,1102,01-18-06 09:13:00 AM
51954,5576,863,01-15-06 01:56:00 AM
51954,5915,230,01-15-06 02:53:00 AM
51954,6834,1096,01-15-06 01:59:00 AM
51954,7248,995,01-15-06 01:55:00 AM
51954,8171,1128,01-15-06 02:24:00 AM
51954,8731,863,01-15-06 02:43:00 AM
52050,5173,1059,04-04-08 11:18:00 PM
52595,6600,575,02-19-06 12:36:00 PM
52595,6763,575,02-19-06 12:37:00 PM
52610,8171,958,03-18-06 08:58:00 PM
52707,5283,887,07-28-06 12:49:00 AM
52723,4132,1121,06-06-07 03:17:00 PM
52723,4296,719,06-06-07 02:18:00 PM
52723,4626,719,06-05-07 06:15:00 PM
52723,4723,719,06-25-07 06:31:00 AM
52723,5058,1080,06-06-07 03:55:00 PM
52723,5384,983,06-06-07 07:02:00 AM
52723,5576,719,06-21-07 05:46:00 PM
52723,5845,964,06-06-07 05:35:00 PM
52723,6652,719,06-25-07 06:26:00 AM
52723,6777,719,06-25-07 07:05:00 AM
52723,7049,56,06-07-07 06:18:00 PM
52723,7060,719,06-25-07 06:25:00 AM
52723,7212,719,06-25-07 06:35:00 AM
52723,8731,719,06-21-07 06:27:00 PM
52723,8734,1121,06-08-07 07:28:00 AM
52723,8787,719,06-25-07 06:27:00 AM
52778,4214,64,06-06-07 11:33:00 PM
52806,3961,428,08-18-06 03:09:00 PM
52806,4132,1121,07-28-06 04:25:00 PM
52806,4723,379,07-28-06 04:29:00 PM
52806,4870,498,07-28-06 04:00:00 PM
52806,4917,1096,07-28-06 04:15:00 PM
52806,5159,1069,07-31-06 12:54:00 PM
52806,5350,778,07-28-06 03:54:00 PM
52806,5407,45,07-28-06 04:16:00 PM
52806,5890,268,07-28-06 04:10:00 PM
52806,6428,784,08-18-06 03:19:00 PM
52806,6600,600,07-28-06 04:13:00 PM
52806,7050,778,07-31-06 12:57:00 PM
52806,7248,642,07-28-06 03:20:00 PM
52806,7942,420,08-18-06 03:14:00 PM
52806,8162,861,08-18-06 03:22:00 PM
52806,8777,431,07-28-06 03:30:00 PM
52827,6840,1037,07-15-06 02:22:00 PM
52983,5013,813,01-21-06 01:07:00 PM
53192,5775,151,04-09-08 11:50:00 AM
53335,6600,763,11-15-07 06:15:00 PM
53379,5223,209,04-14-08 11:32:00 AM
53859,3961,428,02-25-06 02:11:00 PM
53859,4781,445,02-25-06 02:10:00 PM
53859,5520,118,02-25-06 02:10:00 PM
53859,7309,1009,02-25-06 02:13:00 PM
53902,7248,95,11-24-06 02:54:00 AM
54129,5350,778,08-01-06 10:02:00 AM
54129,7050,778,08-01-06 10:02:00 AM
54152,8171,1128,08-04-06 10:51:00 AM
54217,7234,884,04-20-08 01:17:00 PM
54706,4920,285,06-07-06 12:13:00 PM
54740,4954,230,06-12-07 08:22:00 PM
54808,7172,731,07-01-07 08:40:00 AM
55124,5254,988,08-09-06 12:29:00 PM
55146,6770,575,01-14-06 11:07:00 AM
55398,6757,13,04-21-08 12:06:00 AM
55414,8082,471,06-15-07 12:33:00 PM
55560,6840,823,12-09-08 06:31:00 PM
55590,7248,554,10-01-06 01:28:00 PM
55590,8171,1128,10-01-06 01:32:00 PM
55699,5713,755,04-19-08 10:07:00 PM
55699,5860,1089,04-19-08 10:14:00 PM
55699,6426,887,04-19-08 10:07:00 PM
55699,7325,86,04-19-08 10:14:00 PM
55699,8263,134,04-19-08 10:14:00 PM
55699,8274,509,04-19-08 10:13:00 PM
55752,8246,1110,01-13-06 06:23:00 PM
55840,4870,498,01-23-06 06:42:00 AM
55840,6428,784,01-23-06 06:42:00 AM
55841,4214,761,02-13-06 08:30:00 AM
55841,4793,761,02-13-06 08:28:00 AM
55841,8163,959,02-13-06 08:35:00 AM
55841,8772,761,02-13-06 08:28:00 AM
55865,6439,770,01-27-08 03:55:00 PM
55865,6482,374,01-27-08 03:51:00 PM
55865,6513,361,01-27-08 03:56:00 PM
55865,7232,361,01-27-08 03:57:00 PM
55865,7903,185,08-13-06 09:42:00 AM
55936,8246,1110,01-15-06 05:04:00 AM
56030,6119,608,06-22-07 08:53:00 AM
56044,4780,326,07-12-07 09:06:00 PM
56281,7942,77,08-25-06 04:11:00 PM
56345,7309,19,08-14-06 07:52:00 PM
56345,8777,1096,08-07-07 10:22:00 PM
56354,4252,19,04-28-08 10:59:00 PM
56354,5350,19,04-28-08 11:01:00 PM
56354,6089,505,04-28-08 11:00:00 PM
56354,6428,19,04-28-08 11:00:00 PM
56354,6484,19,04-28-08 11:00:00 PM
56354,7939,505,04-28-08 10:58:00 PM
56354,8205,19,04-28-08 11:01:00 PM
56472,4882,887,04-29-08 03:59:00 PM
56896,6844,210,12-02-06 09:04:00 AM
56989,4793,785,08-18-06 06:27:00 PM
56989,6270,785,08-18-06 06:28:00 PM
57051,7034,623,01-17-06 11:12:00 AM
57051,7755,623,01-17-06 11:08:00 AM
57127,5792,412,05-14-08 01:02:00 PM
57127,6266,442,05-07-08 09:47:00 AM
57127,8171,350,06-18-08 03:21:00 PM
57127,8777,34,05-27-08 11:09:00 AM
57380,8777,1047,11-04-08 03:47:00 PM
57512,8684,689,03-13-07 12:12:00 PM
57546,4785,1028,07-15-07 01:48:00 PM
57620,4885,88,05-01-08 12:30:00 AM
57637,8900,149,12-16-06 11:33:00 AM
57767,4785,652,05-01-08 09:31:00 AM
57786,5890,268,01-17-06 05:30:00 AM
57819,7239,374,12-24-08 04:14:00 AM
58160,6270,414,12-20-08 02:13:00 PM
58160,8248,1117,12-20-08 01:39:00 PM
58160,8777,1047,12-20-08 02:12:00 PM
58213,8171,1128,12-19-08 11:22:00 PM
58232,5533,824,12-20-08 04:49:00 AM
58600,4354,244,05-03-08 01:34:00 PM
58657,6600,138,08-05-07 11:51:00 AM
58709,8246,640,08-29-06 08:27:00 AM
59012,7034,996,08-30-06 07:14:00 PM
59012,7248,995,08-30-06 07:14:00 PM
59092,4214,371,02-07-06 11:22:00 AM
59092,4275,1075,02-21-06 08:12:00 AM
59092,4641,770,01-13-06 06:52:00 PM
59092,4682,177,01-19-06 08:08:00 AM
59092,4785,1028,01-26-06 06:56:00 PM
59092,5034,1067,01-23-06 09:57:00 AM
59092,5254,989,01-12-06 07:09:00 PM
59092,5349,309,01-17-06 09:24:00 PM
59092,5775,573,01-27-06 11:23:00 PM
59092,5805,276,11-09-08 05:01:00 PM
59092,6058,989,01-12-06 07:10:00 PM
59092,6119,935,01-13-06 06:46:00 PM
59092,6278,706,02-21-06 07:26:00 AM
59092,6423,1040,01-12-06 07:09:00 PM
59092,6453,1075,02-21-06 08:12:00 AM
59092,6600,1029,02-05-06 07:31:00 PM
59092,6752,862,08-24-06 01:50:00 PM
59092,6839,824,02-21-06 08:03:00 AM
59092,7047,903,02-21-06 08:03:00 AM
59092,7211,649,02-21-06 08:03:00 AM
59092,7920,1022,02-19-06 10:29:00 PM
59092,7934,989,01-12-06 07:09:00 PM
59092,8211,1028,01-26-06 06:56:00 PM
59165,4155,613,09-01-06 09:01:00 AM
59165,4355,978,09-01-06 09:03:00 AM
59165,5282,1016,09-01-06 08:32:00 AM
59165,6829,864,09-01-06 09:03:00 AM
59193,7146,283,09-01-06 07:09:00 AM
59267,6270,785,05-08-08 05:58:00 AM
59401,4689,704,03-10-06 04:13:00 AM
59462,7204,230,05-12-08 04:02:00 PM
59499,5350,887,07-02-07 08:25:00 PM
59527,5159,1067,09-03-06 04:00:00 AM
59529,5903,312,07-10-06 09:10:00 AM
59816,4683,746,03-06-07 01:43:00 PM
59816,4787,730,03-06-07 01:42:00 PM
59816,4921,824,03-06-07 01:45:00 PM
59816,5533,730,03-06-07 01:43:00 PM
59816,5857,730,03-06-07 01:45:00 PM
59816,7211,523,03-06-07 01:39:00 PM
59816,7854,595,03-06-07 01:45:00 PM
59816,8214,800,03-06-07 01:43:00 PM
59816,8772,758,03-06-07 01:42:00 PM
59816,8777,509,03-06-07 01:39:00 PM
60036,7056,278,02-12-06 10:39:00 PM
60072,5694,732,09-23-06 09:55:00 PM
60158,5805,336,09-09-06 08:34:00 AM
60158,6428,29,09-09-06 08:44:00 AM
60307,5520,905,12-28-08 12:49:00 PM
60324,4785,974,09-08-06 10:41:00 AM
60363,4772,234,04-11-06 03:34:00 AM
60395,5775,1034,06-18-08 02:32:00 AM
60486,6270,785,09-09-06 09:42:00 AM
60564,6597,777,07-08-07 05:31:00 AM
60564,8279,776,07-08-07 05:46:00 AM
60692,6119,807,09-10-06 01:48:00 PM
60693,4785,1028,08-11-06 08:35:00 AM
60713,4680,1118,01-15-06 10:08:00 AM
60713,4874,1096,01-15-06 10:12:00 AM
60713,5572,1096,01-15-06 10:02:00 AM
60713,5720,1096,01-15-06 09:57:00 AM
60713,6664,1118,01-15-06 09:55:00 AM
60713,7920,1096,01-15-06 09:55:00 AM
60713,8248,268,01-15-06 09:54:00 AM
60713,8777,1096,01-15-06 09:55:00 AM
60738,5903,331,05-15-08 12:54:00 AM
60798,5016,732,07-06-07 07:46:00 PM
60863,5283,887,05-30-08 11:20:00 AM
61352,6763,631,04-14-06 07:08:00 AM
61352,8777,431,04-14-06 06:34:00 AM
61481,8171,1128,12-31-08 12:15:00 AM
61519,4252,485,08-15-07 12:28:00 AM
61519,4793,785,08-14-07 11:21:00 PM
61519,5523,863,08-14-07 11:21:00 PM
61519,5572,315,08-15-07 12:19:00 AM
61519,6270,64,08-15-07 12:15:00 AM
61519,6752,684,08-15-07 12:29:00 AM
61519,7042,1047,08-15-07 12:20:00 AM
61519,7180,863,08-14-07 11:26:00 PM
61519,8214,827,08-15-07 12:27:00 AM
61765,5857,1085,08-13-06 10:21:00 PM
61869,4252,762,02-25-06 05:27:00 AM
61869,4549,984,11-17-07 11:07:00 AM
61869,5783,107,01-12-08 11:02:00 AM
61869,5805,331,03-30-08 11:30:00 AM
61869,6600,929,11-17-07 11:00:00 AM
61869,7755,1112,10-28-07 09:30:00 AM
61869,8248,17,11-17-07 11:56:00 AM
62012,4155,901,01-13-06 10:03:00 AM
62012,4214,309,01-13-06 09:47:00 AM
62012,4546,901,01-13-06 09:47:00 AM
62012,4793,309,01-13-06 09:36:00 AM
62012,5254,901,01-13-06 09:36:00 AM
62012,5283,942,01-13-06 09:44:00 AM
62012,5364,901,01-13-06 10:02:00 AM
62012,6270,309,01-13-06 09:49:00 AM
62012,7755,901,01-13-06 09:22:00 AM
62012,7964,988,01-13-06 09:49:00 AM
62055,7322,992,09-16-06 09:26:00 AM
62348,8098,324,10-10-06 03:38:00 AM
62452,4874,753,01-31-08 01:54:00 PM
62452,7920,443,01-26-08 06:18:00 AM
62815,7331,86,02-27-06 01:12:00 PM
62880,6658,829,01-18-06 05:56:00 AM
62880,7316,466,02-13-06 02:36:00 AM
62880,8731,863,01-18-06 05:55:00 AM
62989,4808,211,12-25-08 06:50:00 PM
62989,4882,652,12-25-08 06:30:00 PM
62989,5350,419,12-25-08 06:24:00 PM
62989,7942,419,12-25-08 06:24:00 PM
62989,8211,1028,12-25-08 06:31:00 PM
62989,8777,835,12-25-08 06:17:00 PM
63198,7763,521,03-19-06 03:17:00 PM
63395,6270,785,02-12-06 11:04:00 AM
63458,7248,995,05-28-08 02:27:00 PM
63491,4641,968,07-19-07 04:54:00 AM
63594,5306,528,07-22-07 12:17:00 AM
63604,5058,1080,09-01-08 05:35:00 PM
63604,5283,965,04-08-06 05:51:00 AM
63604,5325,1121,05-16-06 06:29:00 PM
63604,5845,964,03-28-07 02:50:00 PM
63661,5350,778,09-25-06 06:02:00 AM
63661,7248,995,09-25-06 06:05:00 AM
63698,6119,541,09-25-06 09:04:00 AM
63725,4546,406,09-28-06 10:18:00 AM
63725,5381,406,09-28-06 10:10:00 AM
63725,5775,406,09-28-06 09:57:00 AM
63725,5845,406,09-28-06 09:53:00 AM
63725,6504,406,09-28-06 09:56:00 AM
63725,7753,808,11-13-06 09:31:00 AM
63725,8108,406,09-28-06 09:58:00 AM
63725,8111,1054,10-16-06 01:13:00 PM
63725,8113,406,09-28-06 10:13:00 AM
63725,8235,518,02-01-07 09:09:00 AM
63873,6056,450,09-25-06 07:29:00 PM
64009,5520,909,02-14-06 05:15:00 PM
64344,7248,780,08-25-06 08:30:00 PM
64363,4252,255,01-14-06 02:11:00 PM
64363,4609,631,04-01-07 10:27:00 AM
64363,4626,1013,02-15-06 05:36:00 AM
64363,4808,361,01-28-07 10:52:00 AM
64363,4870,187,04-01-07 10:24:00 AM
64363,5188,1013,02-15-06 05:34:00 AM
64363,5254,988,02-15-06 05:16:00 AM
64363,5386,770,03-07-07 01:37:00 PM
64363,5775,151,01-20-06 04:46:00 AM
64363,6223,1050,04-01-07 10:28:00 AM
64363,6475,1013,02-15-06 05:37:00 AM
64363,6643,1067,05-15-06 01:39:00 PM
64363,7755,623,05-07-06 04:02:00 AM
64363,7763,1013,03-11-06 08:12:00 AM
64363,7903,405,02-06-06 07:31:00 AM
64363,8269,1043,02-15-06 05:25:00 AM
64408,4793,785,09-29-06 05:47:00 AM
64408,6270,785,09-29-06 05:47:00 AM
64472,6643,1067,02-03-06 09:17:00 AM
64500,4793,785,02-21-06 04:39:00 AM
64500,5283,904,02-21-06 04:42:00 AM
64500,6270,785,02-21-06 04:39:00 AM
64540,5254,201,02-05-06 09:42:00 PM
64633,5959,1085,02-02-06 07:08:00 AM
64633,7493,1050,03-13-07 09:38:00 PM
64633,7856,892,03-07-06 07:24:00 PM
64633,7857,271,11-21-06 11:15:00 AM
64633,8097,842,11-11-06 04:54:00 PM
64633,8211,155,11-01-06 10:17:00 PM
64633,8737,980,03-14-06 07:20:00 AM
64633,8765,929,02-08-06 05:10:00 PM
64633,9034,1050,05-17-07 02:43:00 PM
64821,4641,965,04-27-06 06:36:00 PM
64821,5350,778,05-31-06 11:31:00 PM
64821,5364,264,06-01-06 12:41:00 AM
64821,5692,271,02-27-07 01:54:00 PM
64821,6423,232,06-01-06 12:34:00 AM
64821,6426,1028,06-01-06 12:11:00 AM
64961,8267,950,07-24-07 11:00:00 PM
65007,6423,988,10-02-06 06:42:00 AM
65081,6222,789,01-17-06 08:41:00 AM
65135,6643,1069,01-28-06 07:17:00 PM
65262,8688,720,09-16-06 09:14:00 PM
65436,4155,201,01-12-06 02:37:00 PM
65436,4355,201,01-12-06 02:38:00 PM
65436,4723,379,01-12-06 02:44:00 PM
65436,4870,595,01-12-06 02:40:00 PM
65436,5204,201,01-12-06 02:39:00 PM
65436,5890,1047,01-12-06 02:37:00 PM
65436,6454,1047,01-12-06 02:47:00 PM
65436,7753,1013,01-12-06 02:47:00 PM
65436,7763,1013,01-12-06 02:47:00 PM
65436,7920,1065,01-12-06 02:38:00 PM
65436,7934,901,01-12-06 02:48:00 PM
65436,8266,201,01-12-06 02:36:00 PM
65607,5254,988,06-06-08 11:10:00 AM
65607,8211,1028,06-10-08 08:32:00 AM
65713,4785,1028,10-04-06 12:41:00 AM
65839,8254,652,03-27-08 11:32:00 PM
65867,8207,368,10-04-06 05:17:00 PM
65867,9065,163,10-07-06 03:55:00 AM
65869,6834,1096,02-19-06 08:35:00 PM
65881,5001,8,08-05-07 09:15:00 PM
65914,6763,1009,10-04-06 04:44:00 PM
65914,7322,503,10-05-06 04:56:00 AM
66020,4355,479,06-24-08 11:30:00 PM
66020,6119,479,06-24-08 11:40:00 PM
66020,6266,847,06-24-08 11:40:00 PM
66032,5254,232,10-05-06 05:10:00 AM
66032,6058,232,10-05-06 05:12:00 AM
66032,7260,232,10-05-06 05:11:00 AM
66032,7934,232,10-05-06 05:09:00 AM
66128,4882,1025,07-30-07 09:50:00 PM
66128,5159,1025,07-30-07 10:16:00 PM
66149,4155,863,07-31-07 02:39:00 AM
66149,4723,958,11-14-08 04:47:00 AM
66149,7263,850,11-14-08 04:43:00 AM
66149,7309,19,07-31-07 02:39:00 AM
66190,4275,554,07-31-07 08:16:00 AM
66207,4882,1104,07-31-07 12:39:00 PM
66207,5282,165,07-31-07 12:35:00 PM
66207,7034,325,07-31-07 12:35:00 PM
66227,6119,400,07-31-07 04:44:00 PM
66227,7248,995,07-31-07 04:49:00 PM
66227,7920,800,07-31-07 04:42:00 PM
66238,4787,1072,07-31-07 06:21:00 PM
66289,7034,377,07-31-07 11:16:00 PM
66389,7034,377,08-01-07 12:48:00 PM
66389,7920,315,08-01-07 12:49:00 PM
66453,4899,1003,08-01-07 07:58:00 PM
66453,5349,95,08-01-07 07:55:00 PM
66453,5523,1003,08-01-07 07:58:00 PM
66453,7047,445,08-01-07 07:57:00 PM
66516,4275,29,08-02-07 11:17:00 AM
66516,4354,193,08-02-07 11:23:00 AM
66516,6058,632,08-02-07 11:27:00 AM
66516,6266,442,08-02-07 11:23:00 AM
66516,6759,323,08-02-07 11:18:00 AM
66619,5282,107,08-02-07 08:18:00 PM
66770,8267,372,08-03-07 04:11:00 PM
66780,5407,522,08-03-07 04:08:00 PM
66780,7034,29,08-03-07 04:08:00 PM
66784,4355,332,08-03-07 04:15:00 PM
66862,5407,882,08-03-07 04:47:00 PM
66902,4899,863,06-11-08 09:52:00 AM
66936,4275,1075,08-04-07 04:57:00 AM
66936,4882,849,08-04-07 04:56:00 AM
66937,6759,746,04-12-06 11:37:00 AM
66968,5433,999,08-04-07 10:35:00 AM
66968,5572,315,08-04-07 10:42:00 AM
66968,7854,332,08-04-07 10:44:00 AM
67033,7260,23,08-05-07 01:02:00 AM
67033,7920,315,08-05-07 12:59:00 AM
67066,4785,995,10-15-06 11:43:00 AM
67066,7248,995,10-15-06 11:43:00 AM
67070,4155,863,08-05-07 06:59:00 AM
67119,4155,230,08-05-07 01:44:00 PM
67119,7309,425,08-05-07 01:45:00 PM
67171,4551,1084,08-05-07 08:56:00 PM
67171,4781,872,08-05-07 08:18:00 PM
67171,5350,1084,08-06-07 06:55:00 PM
67171,7143,312,08-06-07 07:54:00 PM
67171,7934,1084,08-05-07 07:49:00 PM
67171,8211,312,08-05-07 07:37:00 PM
67171,8246,913,08-05-07 08:44:00 PM
67207,6266,230,08-05-07 07:58:00 PM
67230,7047,1047,02-20-06 12:47:00 AM
67230,8267,1047,02-20-06 12:31:00 AM
67252,4155,871,08-06-07 01:29:00 AM
67252,5283,420,08-06-07 01:29:00 AM
67252,7309,1085,08-06-07 01:29:00 AM
67277,6423,19,04-15-07 06:27:00 AM
67277,9107,88,02-16-06 06:20:00 PM
67282,4355,414,08-06-07 05:35:00 AM
67305,4355,333,08-06-07 07:54:00 AM
67321,4355,230,08-06-07 08:37:00 AM
67321,7034,323,08-06-07 08:37:00 AM
67321,7920,315,08-06-07 08:38:00 AM
67422,7309,763,06-13-08 09:46:00 PM
67500,5254,988,06-23-06 05:57:00 AM
67500,7325,1069,06-23-06 05:45:00 AM
67666,7248,995,10-10-06 08:27:00 PM
67687,6659,1021,07-28-06 07:28:00 PM
67687,8207,368,07-28-06 07:44:00 PM
67687,8768,1091,07-28-06 07:26:00 PM
67687,8983,599,07-28-06 07:25:00 PM
67691,8267,377,08-07-07 02:50:00 PM
67697,4882,1025,08-07-07 04:40:00 PM
67697,6119,959,08-07-07 04:41:00 PM
67697,6509,79,08-07-07 04:45:00 PM
67705,4355,230,08-07-07 04:45:00 PM
67742,7248,995,10-11-06 02:03:00 AM
67795,4354,887,08-08-07 09:01:00 AM
67795,6266,215,08-08-07 09:00:00 AM
67816,6266,847,08-08-07 09:27:00 AM
67816,7920,251,08-08-07 09:26:00 AM
67865,6119,959,08-08-07 01:19:00 PM
67865,6759,745,08-08-07 01:20:00 PM
67889,8777,1047,06-16-08 01:37:00 AM
67921,7309,1085,08-08-07 07:43:00 PM
67937,6266,417,08-08-07 05:44:00 PM
68026,4155,863,08-09-07 07:27:00 AM
68035,4275,509,08-09-07 08:31:00 AM
68035,6759,323,08-09-07 08:31:00 AM
68046,7309,634,08-09-07 11:03:00 AM
68050,6643,1067,10-12-06 04:55:00 AM
68050,8211,1028,10-11-06 03:13:00 PM
68076,5283,889,08-09-07 11:31:00 AM
68105,4155,863,08-09-07 12:20:00 PM
68112,6597,415,08-09-07 01:17:00 PM
68112,6759,288,08-09-07 01:11:00 PM
68112,7260,462,08-09-07 01:18:00 PM
68118,4882,377,08-09-07 01:27:00 PM
68118,6266,417,08-09-07 01:27:00 PM
68118,7934,233,08-15-07 07:27:00 AM
68151,7034,995,11-27-08 01:02:00 AM
68178,4155,230,08-09-07 10:12:00 PM
68178,7309,19,08-09-07 10:12:00 PM
68228,5350,778,02-19-07 10:07:00 AM
68228,6428,1128,02-19-07 09:31:00 AM
68228,6763,575,02-19-07 10:01:00 AM
68228,7050,778,02-19-07 10:08:00 AM
68228,7763,735,02-19-07 10:00:00 AM
68228,8211,242,02-19-07 09:50:00 AM
68228,8267,754,02-19-07 09:31:00 AM
68243,4355,230,08-10-07 08:31:00 AM
68243,5282,230,08-10-07 08:31:00 AM
68243,5283,19,08-10-07 08:30:00 AM
68243,5407,887,08-10-07 08:31:00 AM
68243,6759,689,08-10-07 08:32:00 AM
68304,5805,54,01-07-08 03:13:00 PM
68304,6119,469,08-10-07 01:48:00 PM
68363,5349,64,08-10-07 08:43:00 PM
68363,6058,232,08-10-07 08:43:00 PM
68424,6089,416,06-19-06 08:08:00 AM
68441,7309,1084,08-11-07 08:42:00 AM
68441,8267,155,08-11-07 08:52:00 AM
68494,7309,19,08-11-07 02:21:00 PM
68516,4882,887,08-11-07 04:57:00 PM
68584,6759,527,08-12-07 06:45:00 AM
68604,5349,588,08-12-07 08:04:00 AM
68604,7034,372,08-12-07 07:55:00 AM
68604,7920,315,08-12-07 07:57:00 AM
68604,8267,377,08-12-07 08:02:00 AM
68628,6119,543,08-12-07 03:51:00 PM
68628,6266,417,08-12-07 03:13:00 PM
68637,4057,489,02-04-06 02:53:00 AM
68637,5533,489,02-04-06 02:55:00 AM
68637,5775,573,02-04-06 03:01:00 AM
68637,8108,43,02-04-06 03:10:00 AM
68657,7920,798,08-12-07 05:12:00 PM
68750,6278,323,08-13-07 10:14:00 AM
68750,8267,323,08-13-07 10:11:00 AM
68773,7920,315,08-13-07 01:08:00 PM
68778,5433,882,08-13-07 02:03:00 PM
68778,6840,139,08-13-07 02:03:00 PM
68803,6119,1017,08-13-07 04:43:00 PM
68810,4870,181,09-27-07 10:21:00 AM
68810,4882,995,08-13-07 05:05:00 PM
68810,6223,1050,09-27-07 10:28:00 AM
68810,6759,1025,08-13-07 05:05:00 PM
68810,6763,1085,09-27-07 10:11:00 AM
68810,7034,1050,09-27-07 10:15:00 AM
68810,7234,534,09-27-07 10:00:00 AM
68810,8171,1085,09-27-07 10:14:00 AM
68810,8772,159,09-27-07 10:08:00 AM
68901,4355,230,08-14-07 05:51:00 AM
68901,4882,230,08-14-07 05:51:00 AM
68934,6392,682,08-14-07 08:57:00 AM
68967,6759,268,08-14-07 11:34:00 AM
68986,4275,1075,12-23-06 09:51:00 AM
68986,4297,599,12-22-06 12:57:00 PM
68986,4917,1096,12-22-06 02:47:00 AM
68986,5159,1069,12-22-06 02:57:00 AM
68986,5736,1106,12-22-06 02:34:00 AM
68986,6426,1028,12-22-06 02:40:00 AM
68986,6453,1075,12-23-06 09:51:00 AM
68986,6475,264,12-22-06 02:57:00 AM
68986,6600,929,12-22-06 03:01:00 AM
68986,6643,1069,12-22-06 02:39:00 AM
68986,7089,1128,12-22-06 02:37:00 AM
68986,7247,1128,12-22-06 02:35:00 AM
68986,7325,1069,12-22-06 02:58:00 AM
68986,8159,1128,12-22-06 02:42:00 AM
68986,8171,1128,12-22-06 02:09:00 AM
68986,8282,1069,12-22-06 03:06:00 AM
68986,8983,599,12-22-06 12:49:00 PM
68986,9113,599,12-22-06 02:08:00 AM
68989,4355,230,08-14-07 05:51:00 PM
68989,4899,201,08-14-07 05:57:00 PM
68989,5282,230,08-14-07 05:50:00 PM
68989,5407,522,08-14-07 05:50:00 PM
68989,5433,522,08-14-07 05:54:00 PM
68989,5523,201,08-14-07 05:56:00 PM
68989,7034,377,08-14-07 05:51:00 PM
69002,6597,268,08-14-07 06:49:00 PM
69043,6428,230,10-16-06 10:34:00 AM
69140,7920,877,08-15-07 12:51:00 PM
69195,4155,439,10-18-06 12:02:00 PM
69195,4296,230,10-18-06 12:03:00 PM
69195,4870,268,10-18-06 12:06:00 PM
69195,5123,63,10-18-06 12:02:00 PM
69195,5283,887,10-18-06 12:16:00 PM
69195,5805,336,10-18-06 11:15:00 AM
69195,6270,309,10-18-06 12:24:00 PM
69195,6426,1028,10-18-06 12:16:00 PM
69195,6600,575,10-18-06 11:01:00 AM
69195,6777,978,10-18-06 12:03:00 PM
69195,7920,800,10-18-06 12:26:00 PM
69195,7934,232,10-18-06 12:12:00 PM
69195,7942,419,10-18-06 12:14:00 PM
69195,8108,19,10-18-06 12:17:00 PM
69195,8274,509,10-18-06 11:56:00 AM
69301,6759,364,08-16-07 06:00:00 PM
69310,5407,44,08-16-07 10:19:00 PM
69374,7034,996,10-17-06 08:10:00 PM
69378,6266,442,08-17-07 01:57:00 AM
69399,7920,798,08-17-07 05:10:00 AM
69436,4275,367,08-17-07 01:53:00 PM
69480,5433,139,08-17-07 06:44:00 PM
69480,6058,232,08-17-07 06:44:00 PM
69489,4275,19,08-17-07 07:49:00 PM
69489,4882,887,08-17-07 07:49:00 PM
69489,4899,863,08-17-07 07:58:00 PM
69489,5523,863,08-17-07 07:56:00 PM
69489,6266,529,08-17-07 07:50:00 PM
69489,6759,374,08-17-07 07:49:00 PM
69489,7920,374,08-17-07 07:48:00 PM
69504,4785,1028,09-09-06 05:37:00 PM
69517,4275,29,08-17-07 09:43:00 PM
69517,6089,418,08-26-07 03:12:00 PM
69517,6266,230,08-17-07 09:44:00 PM
69517,6759,323,08-17-07 09:43:00 PM
69517,7854,418,08-26-07 03:09:00 PM
69555,4882,155,08-18-07 03:02:00 AM
69555,6119,935,08-18-07 03:03:00 AM
69576,5293,849,08-20-07 11:56:00 AM
69576,6266,442,08-18-07 06:12:00 AM
69576,7309,146,07-08-08 02:51:00 PM
69629,5349,204,08-18-07 09:53:00 AM
69629,6058,19,08-18-07 09:53:00 AM
69629,6278,323,08-18-07 09:54:00 AM
69629,6840,323,08-18-07 09:52:00 AM
69629,7047,323,08-18-07 09:55:00 AM
69629,8254,1025,08-18-07 09:56:00 AM
69660,5533,489,10-25-06 09:47:00 AM
69660,8254,522,10-25-06 09:48:00 AM
69674,5282,165,08-18-07 01:41:00 PM
69719,4793,785,10-19-06 01:31:00 PM
69719,4870,268,10-19-06 01:28:00 PM
69719,5254,232,10-19-06 01:30:00 PM
69719,5350,419,10-19-06 01:30:00 PM
69719,6270,785,10-19-06 01:31:00 PM
69719,7934,988,10-19-06 01:27:00 PM
69738,6598,1084,08-19-07 06:54:00 PM
69773,4355,96,08-18-07 09:27:00 PM
69773,5282,846,08-18-07 09:25:00 PM
69773,6759,1072,08-18-07 09:29:00 PM
69773,7920,95,08-18-07 09:28:00 PM
69820,4163,88,08-19-07 04:03:00 AM
69820,4633,824,09-17-07 07:52:00 AM
69820,5159,1069,08-19-07 03:57:00 AM
69820,5349,310,08-19-07 03:57:00 AM
69820,7034,871,08-19-07 03:54:00 AM
69820,8108,875,08-19-07 04:01:00 AM
69820,8254,994,08-19-07 03:59:00 AM
69830,4275,29,08-19-07 05:36:00 AM
69830,5349,418,08-19-07 05:41:00 AM
69830,6840,292,08-19-07 05:41:00 AM
69867,4148,554,08-19-07 08:57:00 AM
69875,4275,29,08-19-07 08:31:00 AM
69875,8096,323,08-19-07 08:33:00 AM
69930,4355,979,08-19-07 11:13:00 AM
69940,4275,1075,08-19-07 11:53:00 AM
70001,4275,29,08-19-07 05:52:00 PM
70001,4882,1025,08-19-07 05:51:00 PM
70001,6266,230,08-19-07 05:53:00 PM
70001,6759,323,08-19-07 05:52:00 PM
70001,7920,315,08-19-07 05:51:00 PM
70047,4355,418,08-19-07 07:26:00 PM
70047,5282,255,08-19-07 07:27:00 PM
70078,4793,785,06-26-08 07:36:00 PM
70100,6840,823,08-20-07 06:09:00 AM
70120,4155,230,08-20-07 09:24:00 AM
70120,7309,19,08-20-07 09:25:00 AM
70142,6770,374,08-20-07 10:14:00 AM
70142,8096,86,08-20-07 10:02:00 AM
70200,4275,29,08-20-07 05:12:00 PM
70200,6266,230,08-20-07 05:12:00 PM
70200,7034,377,08-20-07 05:09:00 PM
70223,6759,169,08-20-07 07:29:00 PM
70223,6840,872,08-20-07 07:34:00 PM
70223,7920,554,08-20-07 07:28:00 PM
70243,7034,377,08-21-07 03:45:00 AM
70253,4155,614,08-21-07 04:34:00 AM
70253,7309,1009,08-21-07 04:35:00 AM
70287,4689,705,08-22-07 02:58:00 AM
70287,4730,1102,08-22-07 02:57:00 AM
70291,6266,887,08-21-07 08:17:00 AM
70291,8096,19,08-21-07 08:18:00 AM
70299,4155,865,08-21-07 08:57:00 AM
70299,5282,1062,08-21-07 08:51:00 AM
70299,7920,315,08-21-07 08:54:00 AM
70350,6266,230,08-21-07 12:09:00 PM
70407,9102,905,10-23-06 11:39:00 AM
70421,4275,1075,08-21-07 05:48:00 PM
70421,7920,355,08-21-07 05:46:00 PM
70435,4355,278,08-21-07 09:16:00 PM
70485,5159,1069,08-22-07 05:45:00 AM
70562,4132,127,08-22-07 10:43:00 AM
70617,5282,497,08-23-07 12:28:00 AM
70623,4551,849,02-07-06 12:39:00 PM
70645,6058,989,08-23-07 07:17:00 AM
70698,6266,1071,08-23-07 11:23:00 AM
70712,5282,878,08-23-07 12:01:00 PM
70712,6266,1035,08-23-07 12:04:00 PM
70730,4355,201,08-23-07 02:23:00 PM
70743,5369,232,05-08-06 04:08:00 AM
70743,7260,232,05-08-06 04:06:00 AM
70743,7934,232,05-08-06 04:07:00 AM
70753,5857,424,05-17-06 06:59:00 PM
70753,8748,380,03-03-08 06:19:00 PM
70760,5282,840,08-23-07 07:35:00 PM
70775,4155,863,08-23-07 08:05:00 PM
70806,4275,29,08-24-07 04:18:00 AM
70806,5282,323,08-24-07 04:16:00 AM
70806,7920,798,08-24-07 04:18:00 AM
70974,4683,746,04-16-07 09:24:00 AM
70974,5283,406,04-17-07 02:21:00 PM
70974,8171,1127,04-17-07 08:41:00 AM
70974,8772,159,04-19-07 07:52:00 PM
70998,4355,201,08-25-07 01:00:00 PM
71062,5282,164,08-25-07 05:43:00 PM
71062,7920,800,08-25-07 05:45:00 PM
71149,4751,417,12-15-06 02:30:00 AM
71149,6114,1096,11-09-06 08:51:00 AM
71149,6840,601,02-25-07 03:03:00 PM
71149,7749,278,11-07-06 07:26:00 AM
71149,7763,427,12-24-07 01:46:00 AM
71188,4882,849,08-26-07 01:39:00 PM
71195,5282,1108,08-26-07 02:08:00 PM
71241,5282,865,08-26-07 03:48:00 PM
71241,7034,863,08-26-07 03:48:00 PM
71254,5349,414,08-26-07 04:44:00 PM
71262,6058,97,08-26-07 04:33:00 PM
71262,8214,417,08-26-07 04:34:00 PM
71262,8281,103,08-26-07 04:34:00 PM
71287,7942,887,08-26-07 06:20:00 PM
71291,4155,201,08-26-07 06:33:00 PM
71301,7942,887,08-26-07 07:08:00 PM
71315,7034,535,08-26-07 08:34:00 PM
71331,4148,331,01-13-06 11:01:00 AM
71331,4641,1081,01-13-06 10:52:00 AM
71331,4785,652,01-13-06 10:55:00 AM
71331,4882,652,01-13-06 11:03:00 AM
71331,4954,958,01-13-06 12:07:00 PM
71331,5159,1069,01-13-06 11:09:00 AM
71331,5324,331,01-13-06 11:10:00 AM
71331,5386,958,01-13-06 12:04:00 PM
71331,5775,151,01-13-06 11:02:00 AM
71331,6428,784,01-13-06 11:24:00 AM
71331,6597,268,01-13-06 11:02:00 AM
71331,6643,1069,01-13-06 11:05:00 AM
71331,6763,1009,01-13-06 10:53:00 AM
71331,7309,1009,01-13-06 10:55:00 AM
71331,7325,1069,01-13-06 11:05:00 AM
71394,6266,230,09-03-07 08:12:00 AM
71414,4275,911,08-27-07 09:56:00 AM
71414,7942,861,08-27-07 09:57:00 AM
71420,5845,942,03-27-08 05:21:00 PM
71424,7309,850,08-27-07 10:36:00 AM
71448,4355,230,08-27-07 02:05:00 PM
71448,7920,936,08-27-07 02:06:00 PM
71478,5572,818,02-12-06 11:43:00 AM
71497,7309,146,08-27-07 04:12:00 PM
71509,9113,599,09-04-08 07:22:00 AM
71529,6270,785,10-28-06 10:12:00 PM
71556,7309,1107,08-27-07 06:13:00 PM